recorded_hour,humidity,pressure,temperature,wind_sin,wind_cos,hour_sin,hour_cos,day_sin,day_cos,pressure_minus_3h,pressure_trend_3h,forecast_temperature,forecast_humidity,forecast_pressure,forecast_wind_sin,forecast_wind_cos
"2025-11-15 18:00:00",82,1001.6666666667,14.316666666667,0,0,-1,-1.836970198721E-16,-0.7142921172691,0.69984767714641,,,12.3,99,1007.3,-0.39143503242952,0.58032630078853
"2025-11-15 18:00:00",82,1001.6666666667,14.316666666667,0,0,-1,-1.836970198721E-16,-0.7142921172691,0.69984767714641,,,12.3,99,1007.3,-0.39143503242952,0.58032630078853
"2025-11-15 19:00:00",83,1001.8666666667,13.733333333333,0,0,-0.96592582628907,0.25881904510252,-0.7142921172691,0.69984767714641,,,12.1,99,1007.3,0.8,-1.3856406460551
"2025-11-15 19:00:00",83,1001.8666666667,13.733333333333,0,0,-0.96592582628907,0.25881904510252,-0.7142921172691,0.69984767714641,,,12.1,99,1007.3,0.8,-1.3856406460551
"2025-11-15 20:00:00",83.833333333333,1002.05,13.466666666667,0,0,-0.86602540378444,0.5,-0.7142921172691,0.69984767714641,,,12.2,97,1007.8,-2.5172815641994,-3.1085838458279
"2025-11-15 20:00:00",83.833333333333,1002.05,13.466666666667,0,0,-0.86602540378444,0.5,-0.7142921172691,0.69984767714641,,,12.2,97,1007.8,-2.5172815641994,-3.1085838458279
"2025-11-15 21:00:00",84,1002.1166666667,13.283333333333,0,0,-0.70710678118655,0.70710678118655,-0.7142921172691,0.69984767714641,1001.6666666667,0.45000000000005,12,99,1008.4,-1.1576768944314,-4.0372991229409
"2025-11-15 21:00:00",84,1002.1166666667,13.283333333333,0,0,-0.70710678118655,0.70710678118655,-0.7142921172691,0.69984767714641,1001.6666666667,0.45000000000005,12,99,1008.4,-1.1576768944314,-4.0372991229409
"2025-11-15 22:00:00",84,1002.3166666667,13.116666666667,0,0,-0.5,0.86602540378444,-0.7142921172691,0.69984767714641,1001.8666666667,0.44999999999993,11.7,100,1008.2,-1.2051662780623,-3.7091204135511
"2025-11-15 22:00:00",84,1002.3166666667,13.116666666667,0,0,-0.5,0.86602540378444,-0.7142921172691,0.69984767714641,1001.8666666667,0.44999999999993,11.7,100,1008.2,-1.2051662780623,-3.7091204135511
"2025-11-15 23:00:00",84,1002.1833333333,13.05,0,0,-0.25881904510252,0.96592582628907,-0.7142921172691,0.69984767714641,1002.05,0.13333333333333,11.4,99,1008.5,-2.1240922365586,-3.2708152149872
"2025-11-15 23:00:00",84,1002.1833333333,13.05,0,0,-0.25881904510252,0.96592582628907,-0.7142921172691,0.69984767714641,1002.05,0.13333333333333,11.4,99,1008.5,-2.1240922365586,-3.2708152149872
"2025-11-16 00:00:00",84,1002.2833333333,13,0,0,0,1,-0.7021479494047,0.71203107877871,1002.1166666667,0.16666666666663,10.9,99,1008.6,-0.36584962143679,-3.480826633789
"2025-11-16 00:00:00",84,1002.2833333333,13,0,0,0,1,-0.7021479494047,0.71203107877871,1002.1166666667,0.16666666666663,10.9,99,1008.6,-0.36584962143679,-3.480826633789
"2025-11-16 01:00:00",84,1002.0666666667,12.883333333333,0,0,0.25881904510252,0.96592582628907,-0.7021479494047,0.71203107877871,1002.3166666667,-0.25,10.7,99,1008.6,-0.9371670097778,-3.2682897661903
"2025-11-16 01:00:00",84,1002.0666666667,12.883333333333,0,0,0.25881904510252,0.96592582628907,-0.7021479494047,0.71203107877871,1002.3166666667,-0.25,10.7,99,1008.6,-0.9371670097778,-3.2682897661903
"2025-11-16 02:00:00",83,1001.8833333333,12.8,0,0,0.5,0.86602540378444,-0.7021479494047,0.71203107877871,1002.1833333333,-0.30000000000007,10.4,100,1008.5,3.5514757175273E-16,-2.9
"2025-11-16 02:00:00",83,1001.8833333333,12.8,0,0,0.5,0.86602540378444,-0.7021479494047,0.71203107877871,1002.1833333333,-0.30000000000007,10.4,100,1008.5,3.5514757175273E-16,-2.9
"2025-11-16 03:00:00",83,1001.4833333333,12.716666666667,0,0,0.70710678118655,0.70710678118655,-0.7021479494047,0.71203107877871,1002.2833333333,-0.80000000000007,10.4,100,1008.2,-0.17439118436031,-2.4939101256496
"2025-11-16 03:00:00",83,1001.4833333333,12.716666666667,0,0,0.70710678118655,0.70710678118655,-0.7021479494047,0.71203107877871,1002.2833333333,-0.80000000000007,10.4,100,1008.2,-0.17439118436031,-2.4939101256496
"2025-11-16 04:00:00",83,1001.3666666667,12.683333333333,0,0,0.86602540378444,0.5,-0.7021479494047,0.71203107877871,1002.0666666667,-0.69999999999982,10.4,100,1007.9,-0.19499094944824,-1.5880738426261
"2025-11-16 04:00:00",83,1001.3666666667,12.683333333333,0,0,0.86602540378444,0.5,-0.7021479494047,0.71203107877871,1002.0666666667,-0.69999999999982,10.4,100,1007.9,-0.19499094944824,-1.5880738426261
"2025-11-16 05:00:00",83,1001.3,12.616666666667,0,0,0.96592582628907,0.25881904510252,-0.7021479494047,0.71203107877871,1001.8833333333,-0.58333333333326,10.1,100,1008,0.40360199278419,-2.8717773993506
"2025-11-16 05:00:00",83,1001.3,12.616666666667,0,0,0.96592582628907,0.25881904510252,-0.7021479494047,0.71203107877871,1001.8833333333,-0.58333333333326,10.1,100,1008,0.40360199278419,-2.8717773993506
"2025-11-16 06:00:00",83,1001.1833333333,12.6,0,0,1,6.1232339957368E-17,-0.7021479494047,0.71203107877871,1001.4833333333,-0.29999999999984,10.1,100,1007.7,0.39143503242952,-0.58032630078853
"2025-11-16 06:00:00",83,1001.1833333333,12.6,0,0,1,6.1232339957368E-17,-0.7021479494047,0.71203107877871,1001.4833333333,-0.29999999999984,10.1,100,1007.7,0.39143503242952,-0.58032630078853
"2025-11-16 07:00:00",83,1001.2666666667,12.533333333333,0,0,0.96592582628907,-0.25881904510252,-0.7021479494047,0.71203107877871,1001.3666666667,-0.10000000000025,10.4,100,1007.9,0.7717845962876,-2.6915327486273
"2025-11-16 07:00:00",83,1001.2666666667,12.533333333333,0,0,0.96592582628907,-0.25881904510252,-0.7021479494047,0.71203107877871,1001.3666666667,-0.10000000000025,10.4,100,1007.9,0.7717845962876,-2.6915327486273
"2025-11-16 08:00:00",83,1001.25,12.55,0,0,0.86602540378444,-0.5,-0.7021479494047,0.71203107877871,1001.3,-0.050000000000068,10.1,99,1007.5,2.0818995585505E-16,-1.7
"2025-11-16 08:00:00",83,1001.25,12.55,0,0,0.86602540378444,-0.5,-0.7021479494047,0.71203107877871,1001.3,-0.050000000000068,10.1,99,1007.5,2.0818995585505E-16,-1.7
"2025-11-16 09:00:00",83.333333333333,1001.3166666667,12.5,0,0,0.70710678118655,-0.70710678118655,-0.7021479494047,0.71203107877871,1001.1833333333,0.13333333333321,10,100,1007.8,-0.38161799075309,-1.9632543668953
"2025-11-16 09:00:00",83.333333333333,1001.3166666667,12.5,0,0,0.70710678118655,-0.70710678118655,-0.7021479494047,0.71203107877871,1001.1833333333,0.13333333333321,10,100,1007.8,-0.38161799075309,-1.9632543668953
"2025-11-16 10:00:00",84,1001.05,12.5,0,0,0.5,-0.86602540378444,-0.7021479494047,0.71203107877871,1001.2666666667,-0.21666666666647,10.4,100,1007.1,0.19353751647973,-0.7762365810208
"2025-11-16 10:00:00",84,1001.05,12.5,0,0,0.5,-0.86602540378444,-0.7021479494047,0.71203107877871,1001.2666666667,-0.21666666666647,10.4,100,1007.1,0.19353751647973,-0.7762365810208
"2025-11-16 11:00:00",84,1001.1666666667,12.583333333333,0,0,0.25881904510252,-0.96592582628907,-0.7021479494047,0.71203107877871,1001.25,-0.083333333333371,10.7,100,1007,0.19353751647973,-0.7762365810208
"2025-11-16 11:00:00",84,1001.1666666667,12.583333333333,0,0,0.25881904510252,-0.96592582628907,-0.7021479494047,0.71203107877871,1001.25,-0.083333333333371,10.7,100,1007,0.19353751647973,-0.7762365810208
"2025-11-16 12:00:00",84.5,1000.8833333333,12.7,0,0,1.2246467991474E-16,-1,-0.7021479494047,0.71203107877871,1001.3166666667,-0.43333333333339,10.9,96,1007.1,-0.37576737259218,-2.6737237856022
"2025-11-16 12:00:00",84.5,1000.8833333333,12.7,0,0,1.2246467991474E-16,-1,-0.7021479494047,0.71203107877871,1001.3166666667,-0.43333333333339,10.9,96,1007.1,-0.37576737259218,-2.6737237856022
"2025-11-16 13:00:00",85,1000.95,12.633333333333,0,0,-0.25881904510252,-0.96592582628907,-0.7021479494047,0.71203107877871,1001.05,-0.10000000000014,10.8,96,1006.7,-0.3858922981438,-1.3457663743136
"2025-11-16 13:00:00",85,1000.95,12.633333333333,0,0,-0.25881904510252,-0.96592582628907,-0.7021479494047,0.71203107877871,1001.05,-0.10000000000014,10.8,96,1006.7,-0.3858922981438,-1.3457663743136
"2025-11-16 14:00:00",85,1000.7333333333,12.633333333333,0,0,-0.5,-0.86602540378444,-0.7021479494047,0.71203107877871,1001.1666666667,-0.43333333333317,10.9,95,1006.7,-1.1743050972886,-1.7409789023656
"2025-11-16 14:00:00",85,1000.7333333333,12.633333333333,0,0,-0.5,-0.86602540378444,-0.7021479494047,0.71203107877871,1001.1666666667,-0.43333333333317,10.9,95,1006.7,-1.1743050972886,-1.7409789023656
"2025-11-16 15:00:00",84.5,1000.8,12.666666666667,0,0,-0.70710678118655,-0.70710678118655,-0.7021479494047,0.71203107877871,1000.8833333333,-0.083333333333371,10.1,97,1006.8,1.1612250988784,4.6574194861248
"2025-11-16 15:00:00",84.5,1000.8,12.666666666667,0,0,-0.70710678118655,-0.70710678118655,-0.7021479494047,0.71203107877871,1000.8833333333,-0.083333333333371,10.1,97,1006.8,1.1612250988784,4.6574194861248
"2025-11-16 16:00:00",83.5,1001.2166666667,12.583333333333,0,0,-0.86602540378444,-0.5,-0.7021479494047,0.71203107877871,1000.95,0.26666666666665,9.7,95,1007.1,-0.37476969381493,4.2836372017945
"2025-11-16 16:00:00",83.5,1001.2166666667,12.583333333333,0,0,-0.86602540378444,-0.5,-0.7021479494047,0.71203107877871,1000.95,0.26666666666665,9.7,95,1007.1,-0.37476969381493,4.2836372017945
"2025-11-16 17:00:00",82.166666666667,1001.65,12.4,0,0,-0.96592582628907,-0.25881904510252,-0.7021479494047,0.71203107877871,1000.7333333333,0.91666666666652,8.9,96,1007.8,-0.17798743318275,5.0968932177974
"2025-11-16 17:00:00",82.166666666667,1001.65,12.4,0,0,-0.96592582628907,-0.25881904510252,-0.7021479494047,0.71203107877871,1000.7333333333,0.91666666666652,8.9,96,1007.8,-0.17798743318275,5.0968932177974
"2025-11-16 18:00:00",80.833333333333,1001.9333333333,12.25,0,0,-1,-1.836970198721E-16,-0.7021479494047,0.71203107877871,1000.8,1.1333333333336,8.2,99,1008.4,0.21637687955551,6.1962231275184
"2025-11-16 18:00:00",80.833333333333,1001.9333333333,12.25,0,0,-1,-1.836970198721E-16,-0.7021479494047,0.71203107877871,1000.8,1.1333333333336,8.2,99,1008.4,0.21637687955551,6.1962231275184
"2025-11-16 19:00:00",79.5,1002.2333333333,12.066666666667,0,0,-0.96592582628907,0.25881904510252,-0.7021479494047,0.71203107877871,1001.2166666667,1.0166666666669,7.5,99,1008.8,1.2020966708722,6.1842512557203
"2025-11-16 19:00:00",79.5,1002.2333333333,12.066666666667,0,0,-0.96592582628907,0.25881904510252,-0.7021479494047,0.71203107877871,1001.2166666667,1.0166666666669,7.5,99,1008.8,1.2020966708722,6.1842512557203
"2025-11-16 20:00:00",78.166666666667,1002.4833333333,11.9,0,0,-0.86602540378444,0.5,-0.7021479494047,0.71203107877871,1001.65,0.83333333333326,6.7,98,1009,0.95506497716812,5.4164426415671
"2025-11-16 20:00:00",78.166666666667,1002.4833333333,11.9,0,0,-0.86602540378444,0.5,-0.7021479494047,0.71203107877871,1001.65,0.83333333333326,6.7,98,1009,0.95506497716812,5.4164426415671
"2025-11-16 21:00:00",77,1002.8833333333,11.75,0,0,-0.70710678118655,0.70710678118655,-0.7021479494047,0.71203107877871,1001.9333333333,0.94999999999993,6.4,98,1009.7,0.9897946127015,5.6134041921696
"2025-11-16 21:00:00",77,1002.8833333333,11.75,0,0,-0.70710678118655,0.70710678118655,-0.7021479494047,0.71203107877871,1001.9333333333,0.94999999999993,6.4,98,1009.7,0.9897946127015,5.6134041921696
"2025-11-16 22:00:00",76,1003.2,11.583333333333,0,0,-0.5,0.86602540378444,-0.7021479494047,0.71203107877871,1002.2333333333,0.96666666666647,6,99,1009.9,1.6196475912758,7.0154644664537
"2025-11-16 22:00:00",76,1003.2,11.583333333333,0,0,-0.5,0.86602540378444,-0.7021479494047,0.71203107877871,1002.2333333333,0.96666666666647,6,99,1009.9,1.6196475912758,7.0154644664537
"2025-11-16 23:00:00",74.833333333333,1003.5666666667,11.416666666667,0,0,-0.25881904510252,0.96592582628907,-0.7021479494047,0.71203107877871,1002.4833333333,1.0833333333335,5.3,100,1010,1.128713154835,6.4012503945794
"2025-11-16 23:00:00",74.833333333333,1003.5666666667,11.416666666667,0,0,-0.25881904510252,0.96592582628907,-0.7021479494047,0.71203107877871,1002.4833333333,1.0833333333335,5.3,100,1010,1.128713154835,6.4012503945794
"2025-11-17 00:00:00",74,1003.8333333333,11.266666666667,0,0,0,1,-0.68979600466559,0.72400377895933,1002.8833333333,0.94999999999982,5.1,100,1010.3,0.81652460081449,6.6500592159969
"2025-11-17 00:00:00",74,1003.8333333333,11.266666666667,0,0,0,1,-0.68979600466559,0.72400377895933,1002.8833333333,0.94999999999982,5.1,100,1010.3,0.81652460081449,6.6500592159969
"2025-11-17 01:00:00",72.333333333333,1004,11.116666666667,0,0,0.25881904510252,0.96592582628907,-0.68979600466559,0.72400377895933,1003.2,0.80000000000007,5.6,96,1010.7,0.57522790213454,6.5748850074055
"2025-11-17 01:00:00",72.333333333333,1004,11.116666666667,0,0,0.25881904510252,0.96592582628907,-0.68979600466559,0.72400377895933,1003.2,0.80000000000007,5.6,96,1010.7,0.57522790213454,6.5748850074055
"2025-11-17 02:00:00",68.833333333333,1004.1333333333,10.833333333333,0,0,0.5,0.86602540378444,-0.68979600466559,0.72400377895933,1003.5666666667,0.56666666666649,5.1,89,1011.1,1.5483001318379,6.2098926481664
"2025-11-17 02:00:00",68.833333333333,1004.1333333333,10.833333333333,0,0,0.5,0.86602540378444,-0.68979600466559,0.72400377895933,1003.5666666667,0.56666666666649,5.1,89,1011.1,1.5483001318379,6.2098926481664
"2025-11-17 03:00:00",63.666666666667,1004.15,10.333333333333,0,0,0.70710678118655,0.70710678118655,-0.68979600466559,0.72400377895933,1003.8333333333,0.31666666666683,4,81,1010.9,0.9897946127015,5.6134041921696
"2025-11-17 03:00:00",63.666666666667,1004.15,10.333333333333,0,0,0.70710678118655,0.70710678118655,-0.68979600466559,0.72400377895933,1003.8333333333,0.31666666666683,4,81,1010.9,0.9897946127015,5.6134041921696
"2025-11-17 04:00:00",59.666666666667,1004.1166666667,9.9,0,0,0.86602540378444,0.5,-0.68979600466559,0.72400377895933,1004,0.11666666666667,2.9,77,1010.8,0.76545205528036,5.4464743780786
"2025-11-17 04:00:00",59.666666666667,1004.1166666667,9.9,0,0,0.86602540378444,0.5,-0.68979600466559,0.72400377895933,1004,0.11666666666667,2.9,77,1010.8,0.76545205528036,5.4464743780786
"2025-11-17 05:00:00",57.5,1004.5666666667,9.4833333333333,0,0,0.96592582628907,0.25881904510252,-0.68979600466559,0.72400377895933,1004.1333333333,0.43333333333339,2.9,70,1011.4,0.57278591400419,4.6649669127142
"2025-11-17 05:00:00",57.5,1004.5666666667,9.4833333333333,0,0,0.96592582628907,0.25881904510252,-0.68979600466559,0.72400377895933,1004.1333333333,0.43333333333339,2.9,70,1011.4,0.57278591400419,4.6649669127142
"2025-11-17 06:00:00",59.333333333333,1005.2166666667,9.3,0,0,1,6.1232339957368E-17,-0.68979600466559,0.72400377895933,1004.15,1.0666666666667,2.6,70,1012,-0.58215273428973,2.7388132820547
"2025-11-17 06:00:00",59.333333333333,1005.2166666667,9.3,0,0,1,6.1232339957368E-17,-0.68979600466559,0.72400377895933,1004.15,1.0666666666667,2.6,70,1012,-0.58215273428973,2.7388132820547
"2025-11-17 07:00:00",60.666666666667,1005.6,9.3166666666667,0,0,0.96592582628907,-0.25881904510252,-0.68979600466559,0.72400377895933,1004.1166666667,1.4833333333333,2.7,78,1012.3,-0.77254248593737,2.3776412907379
"2025-11-17 07:00:00",60.666666666667,1005.6,9.3166666666667,0,0,0.96592582628907,-0.25881904510252,-0.68979600466559,0.72400377895933,1004.1166666667,1.4833333333333,2.7,78,1012.3,-0.77254248593737,2.3776412907379
"2025-11-17 08:00:00",62.666666666667,1006.25,9.35,0,0,0.86602540378444,-0.5,-0.68979600466559,0.72400377895933,1004.5666666667,1.6833333333334,2.8,88,1013.1,0.40491189781896,1.7538661166134
"2025-11-17 08:00:00",62.666666666667,1006.25,9.35,0,0,0.86602540378444,-0.5,-0.68979600466559,0.72400377895933,1004.5666666667,1.6833333333334,2.8,88,1013.1,0.40491189781896,1.7538661166134
"2025-11-17 09:00:00",66,1007.0333333333,9.5,0,0,0.70710678118655,-0.70710678118655,-0.68979600466559,0.72400377895933,1005.2166666667,1.8166666666666,3.2,93,1013.5,-1.1905676074716,4.4432588009297
"2025-11-17 09:00:00",66,1007.0333333333,9.5,0,0,0.70710678118655,-0.70710678118655,-0.68979600466559,0.72400377895933,1005.2166666667,1.8166666666666,3.2,93,1013.5,-1.1905676074716,4.4432588009297
"2025-11-17 10:00:00",68.666666666667,1007.6666666667,9.85,0,0,0.5,-0.86602540378444,-0.68979600466559,0.72400377895933,1005.6,2.0666666666665,4.9,90,1013.9,-0.63762362593269,6.0665835617465
"2025-11-17 10:00:00",68.666666666667,1007.6666666667,9.85,0,0,0.5,-0.86602540378444,-0.68979600466559,0.72400377895933,1005.6,2.0666666666665,4.9,90,1013.9,-0.63762362593269,6.0665835617465
"2025-11-17 11:00:00",69.666666666667,1008.2166666667,10.183333333333,0,0,0.25881904510252,-0.96592582628907,-0.68979600466559,0.72400377895933,1006.25,1.9666666666667,5.8,80,1014.7,-1.7834673988087,5.8334590113745
"2025-11-17 11:00:00",69.666666666667,1008.2166666667,10.183333333333,0,0,0.25881904510252,-0.96592582628907,-0.68979600466559,0.72400377895933,1006.25,1.9666666666667,5.8,80,1014.7,-1.7834673988087,5.8334590113745
"2025-11-17 12:00:00",70.5,1008.6166666667,10.5,0,0,1.2246467991474E-16,-1,-0.68979600466559,0.72400377895933,1007.0333333333,1.5833333333334,5.9,77,1015.1,-1.1419715947937,7.2101248863445
"2025-11-17 12:00:00",70.5,1008.6166666667,10.5,0,0,1.2246467991474E-16,-1,-0.68979600466559,0.72400377895933,1007.0333333333,1.5833333333334,5.9,77,1015.1,-1.1419715947937,7.2101248863445
"2025-11-17 13:00:00",70.5,1009.5666666667,10.833333333333,0,0,-0.25881904510252,-0.96592582628907,-0.68979600466559,0.72400377895933,1007.6666666667,1.9000000000002,5.6,87,1015.6,-0.93245977643244,6.6347960605685
"2025-11-17 13:00:00",70.5,1009.5666666667,10.833333333333,0,0,-0.25881904510252,-0.96592582628907,-0.68979600466559,0.72400377895933,1007.6666666667,1.9000000000002,5.6,87,1015.6,-0.93245977643244,6.6347960605685
"2025-11-17 14:00:00",68.166666666667,1010.45,10.783333333333,0,0,-0.5,-0.86602540378444,-0.68979600466559,0.72400377895933,1008.2166666667,2.2333333333332,5.6,73,1016.5,-0.15009069536064,8.598690178345
"2025-11-17 14:00:00",68.166666666667,1010.45,10.783333333333,0,0,-0.5,-0.86602540378444,-0.68979600466559,0.72400377895933,1008.2166666667,2.2333333333332,5.6,73,1016.5,-0.15009069536064,8.598690178345
"2025-11-17 15:00:00",68.5,1011.1,10.933333333333,0,0,-0.70710678118655,-0.70710678118655,-0.68979600466559,0.72400377895933,1008.6166666667,2.4833333333333,5.7,66,1017.1,-0.62752134778314,7.1726018262606
"2025-11-17 15:00:00",68.5,1011.1,10.933333333333,0,0,-0.70710678118655,-0.70710678118655,-0.68979600466559,0.72400377895933,1008.6166666667,2.4833333333333,5.7,66,1017.1,-0.62752134778314,7.1726018262606
"2025-11-17 16:00:00",67,1011.8833333333,10.883333333333,0,0,-0.86602540378444,-0.5,-0.68979600466559,0.72400377895933,1009.5666666667,2.3166666666666,5.2,74,1018.1,-1.4205902870109E-15,5.8
"2025-11-17 16:00:00",67,1011.8833333333,10.883333333333,0,0,-0.86602540378444,-0.5,-0.68979600466559,0.72400377895933,1009.5666666667,2.3166666666666,5.2,74,1018.1,-1.4205902870109E-15,5.8
"2025-11-17 17:00:00",62.5,1012.85,10.366666666667,0,0,-0.96592582628907,-0.25881904510252,-0.68979600466559,0.72400377895933,1010.45,2.4,4.2,82,1019.3,-0.9897946127015,5.6134041921696
"2025-11-17 17:00:00",62.5,1012.85,10.366666666667,0,0,-0.96592582628907,-0.25881904510252,-0.68979600466559,0.72400377895933,1010.45,2.4,4.2,82,1019.3,-0.9897946127015,5.6134041921696
"2025-11-17 18:00:00",58.333333333333,1013.8833333333,9.7833333333333,0,0,-1,-1.836970198721E-16,-0.68979600466559,0.72400377895933,1011.1,2.7833333333333,3.5,77,1020.2,-0.21457742059607,4.0943810924938
"2025-11-17 18:00:00",58.333333333333,1013.8833333333,9.7833333333333,0,0,-1,-1.836970198721E-16,-0.68979600466559,0.72400377895933,1011.1,2.7833333333333,3.5,77,1020.2,-0.21457742059607,4.0943810924938
"2025-11-17 19:00:00",56,1014.9833333333,9.25,0,0,-0.96592582628907,0.25881904510252,-0.68979600466559,0.72400377895933,1011.8833333333,3.0999999999999,2.9,83,1021.1,-0.39220084236446,4.4828761414129
"2025-11-17 19:00:00",56,1014.9833333333,9.25,0,0,-0.96592582628907,0.25881904510252,-0.68979600466559,0.72400377895933,1011.8833333333,3.0999999999999,2.9,83,1021.1,-0.39220084236446,4.4828761414129
"2025-11-17 20:00:00",55,1015.5833333333,8.8333333333333,0,0,-0.86602540378444,0.5,-0.68979600466559,0.72400377895933,1012.85,2.7333333333335,2.7,88,1022.1,0.19543718153401,5.5965886313069
"2025-11-17 20:00:00",55,1015.5833333333,8.8333333333333,0,0,-0.86602540378444,0.5,-0.68979600466559,0.72400377895933,1012.85,2.7333333333335,2.7,88,1022.1,0.19543718153401,5.5965886313069
"2025-11-17 21:00:00",54,1015.8666666667,8.55,0,0,-0.70710678118655,0.70710678118655,-0.68979600466559,0.72400377895933,1013.8833333333,1.9833333333333,2.6,86,1022.4,0.79328667547237,5.644527991827
"2025-11-17 21:00:00",54,1015.8666666667,8.55,0,0,-0.70710678118655,0.70710678118655,-0.68979600466559,0.72400377895933,1013.8833333333,1.9833333333333,2.6,86,1022.4,0.79328667547237,5.644527991827
"2025-11-17 22:00:00",52.666666666667,1016.1833333333,8.1666666666667,0,0,-0.5,0.86602540378444,-0.68979600466559,0.72400377895933,1014.9833333333,1.2000000000002,1.5,91,1022.9,1.3614675320791,2.5605480192909
"2025-11-17 22:00:00",52.666666666667,1016.1833333333,8.1666666666667,0,0,-0.5,0.86602540378444,-0.68979600466559,0.72400377895933,1014.9833333333,1.2000000000002,1.5,91,1022.9,1.3614675320791,2.5605480192909
"2025-11-17 23:00:00",51.833333333333,1016.5,7.95,0,0,-0.25881904510252,0.96592582628907,-0.68979600466559,0.72400377895933,1015.5833333333,0.91666666666663,1.1,92,1023.5,0.8,1.3856406460551
"2025-11-17 23:00:00",51.833333333333,1016.5,7.95,0,0,-0.25881904510252,0.96592582628907,-0.68979600466559,0.72400377895933,1015.5833333333,0.91666666666663,1.1,92,1023.5,0.8,1.3856406460551
"2025-11-18 00:00:00",50.666666666667,1016.7833333333,7.6833333333333,0,0,0,1,-0.67723993819095,0.73576223477365,1015.8666666667,0.91666666666674,0.4,95,1023.5,-4.6536578367599E-16,1.9
"2025-11-18 00:00:00",50.666666666667,1016.7833333333,7.6833333333333,0,0,0,1,-0.67723993819095,0.73576223477365,1015.8666666667,0.91666666666674,0.4,95,1023.5,-4.6536578367599E-16,1.9
"2025-11-18 01:00:00",50.5,1016.7333333333,7.4166666666667,0,0,0.25881904510252,0.96592582628907,-0.67723993819095,0.73576223477365,1016.1833333333,0.54999999999984,-0.2,97,1023.5,0.20045820831961,2.291247805611
"2025-11-18 01:00:00",50.5,1016.7333333333,7.4166666666667,0,0,0.25881904510252,0.96592582628907,-0.67723993819095,0.73576223477365,1016.1833333333,0.54999999999984,-0.2,97,1023.5,0.20045820831961,2.291247805611
"2025-11-18 02:00:00",51,1016.2333333333,7.25,0,0,0.5,0.86602540378444,-0.67723993819095,0.73576223477365,1016.5,-0.26666666666677,-0.3,98,1023.4,0.98162718344766,0.19080899537654
"2025-11-18 02:00:00",51,1016.2333333333,7.25,0,0,0.5,0.86602540378444,-0.67723993819095,0.73576223477365,1016.5,-0.26666666666677,-0.3,98,1023.4,0.98162718344766,0.19080899537654
"2025-11-18 03:00:00",51,1016.15,7.1166666666667,0,0,0.70710678118655,0.70710678118655,-0.67723993819095,0.73576223477365,1016.7833333333,-0.63333333333344,-0.6,99,1023.3,0.80190587176953,-0.40859144976559
"2025-11-18 03:00:00",51,1016.15,7.1166666666667,0,0,0.70710678118655,0.70710678118655,-0.67723993819095,0.73576223477365,1016.7833333333,-0.63333333333344,-0.6,99,1023.3,0.80190587176953,-0.40859144976559
"2025-11-18 04:00:00",52,1016.0833333333,6.9833333333333,0,0,0.86602540378444,0.5,-0.67723993819095,0.73576223477365,1016.7333333333,-0.65000000000009,-1.5,100,1023.2,-9.7971743931788E-17,0.4
"2025-11-18 04:00:00",52,1016.0833333333,6.9833333333333,0,0,0.86602540378444,0.5,-0.67723993819095,0.73576223477365,1016.7333333333,-0.65000000000009,-1.5,100,1023.2,-9.7971743931788E-17,0.4
"2025-11-18 05:00:00",49.833333333333,1015.95,6.7833333333333,0,0,0.96592582628907,0.25881904510252,-0.67723993819095,0.73576223477365,1016.2333333333,-0.2833333333333,-1.3,100,1023.3,0.35355339059327,-0.35355339059327
"2025-11-18 05:00:00",49.833333333333,1015.95,6.7833333333333,0,0,0.96592582628907,0.25881904510252,-0.67723993819095,0.73576223477365,1016.2333333333,-0.2833333333333,-1.3,100,1023.3,0.35355339059327,-0.35355339059327
"2025-11-18 06:00:00",47.833333333333,1015.8666666667,6.5333333333333,0,0,1,6.1232339957368E-17,-0.67723993819095,0.73576223477365,1016.15,-0.2833333333333,-0.9,99,1022.7,0.7551844692598,-0.93257515374837
"2025-11-18 06:00:00",47.833333333333,1015.8666666667,6.5333333333333,0,0,1,6.1232339957368E-17,-0.67723993819095,0.73576223477365,1016.15,-0.2833333333333,-0.9,99,1022.7,0.7551844692598,-0.93257515374837
"2025-11-18 07:00:00",47,1015.7,6.3666666666667,0,0,0.96592582628907,-0.25881904510252,-0.67723993819095,0.73576223477365,1016.0833333333,-0.38333333333321,-0.9,99,1022.9,1.3856406460551,-0.8
"2025-11-18 07:00:00",47,1015.7,6.3666666666667,0,0,0.96592582628907,-0.25881904510252,-0.67723993819095,0.73576223477365,1016.0833333333,-0.38333333333321,-0.9,99,1022.9,1.3856406460551,-0.8
"2025-11-18 08:00:00",47.666666666667,1015.7666666667,6.45,0,0,0.86602540378444,-0.5,-0.67723993819095,0.73576223477365,1015.95,-0.18333333333317,-0.8,98,1022.7,1.3807572801787,-0.58609669273391
"2025-11-18 08:00:00",47.666666666667,1015.7666666667,6.45,0,0,0.86602540378444,-0.5,-0.67723993819095,0.73576223477365,1015.95,-0.18333333333317,-0.8,98,1022.7,1.3807572801787,-0.58609669273391
"2025-11-18 09:00:00",50.5,1015.6333333333,6.7833333333333,0,0,0.70710678118655,-0.70710678118655,-0.67723993819095,0.73576223477365,1015.8666666667,-0.23333333333346,-0.1,95,1022.6,0.95385467561977,-1.5264865730816
"2025-11-18 09:00:00",50.5,1015.6333333333,6.7833333333333,0,0,0.70710678118655,-0.70710678118655,-0.67723993819095,0.73576223477365,1015.8666666667,-0.23333333333346,-0.1,95,1022.6,0.95385467561977,-1.5264865730816
"2025-11-18 10:00:00",53.333333333333,1015.4833333333,7.0833333333333,0,0,0.5,-0.86602540378444,-0.67723993819095,0.73576223477365,1015.7,-0.2166666666667,1.4,83,1022.7,-0.96759346377231,-2.5206671515424
"2025-11-18 10:00:00",53.333333333333,1015.4833333333,7.0833333333333,0,0,0.5,-0.86602540378444,-0.67723993819095,0.73576223477365,1015.7,-0.2166666666667,1.4,83,1022.7,-0.96759346377231,-2.5206671515424
"2025-11-18 11:00:00",56.666666666667,1014.9166666667,7.3333333333333,0,0,0.25881904510252,-0.96592582628907,-0.67723993819095,0.73576223477365,1015.7666666667,-0.85000000000025,2.1,80,1022.1,-1.1576768944314,-4.0372991229409
"2025-11-18 11:00:00",56.666666666667,1014.9166666667,7.3333333333333,0,0,0.25881904510252,-0.96592582628907,-0.67723993819095,0.73576223477365,1015.7666666667,-0.85000000000025,2.1,80,1022.1,-1.1576768944314,-4.0372991229409
"2025-11-18 12:00:00",58.666666666667,1013.9333333333,7.6333333333333,0,0,1.2246467991474E-16,-1,-0.67723993819095,0.73576223477365,1015.6333333333,-1.6999999999998,2,81,1021.5,-0.7466871639678,-4.2346733379525
"2025-11-18 12:00:00",58.666666666667,1013.9333333333,7.6333333333333,0,0,1.2246467991474E-16,-1,-0.67723993819095,0.73576223477365,1015.6333333333,-1.6999999999998,2,81,1021.5,-0.7466871639678,-4.2346733379525
"2025-11-18 13:00:00",60.5,1013.0333333333,7.8,0,0,-0.25881904510252,-0.96592582628907,-0.67723993819095,0.73576223477365,1015.4833333333,-2.4499999999999,2.1,86,1020.8,-0.20411022934748,-3.8946551855428
"2025-11-18 13:00:00",60.5,1013.0333333333,7.8,0,0,-0.25881904510252,-0.96592582628907,-0.67723993819095,0.73576223477365,1015.4833333333,-2.4499999999999,2.1,86,1020.8,-0.20411022934748,-3.8946551855428
"2025-11-18 14:00:00",62.166666666667,1011.9833333333,7.95,0,0,-0.5,-0.86602540378444,-0.67723993819095,0.73576223477365,1014.9166666667,-2.9333333333333,3,80,1019.6,-0.94479442824423,-4.092354272098
"2025-11-18 14:00:00",62.166666666667,1011.9833333333,7.95,0,0,-0.5,-0.86602540378444,-0.67723993819095,0.73576223477365,1014.9166666667,-2.9333333333333,3,80,1019.6,-0.94479442824423,-4.092354272098
"2025-11-18 15:00:00",63.666666666667,1011.2666666667,8.0333333333333,0,0,-0.70710678118655,-0.70710678118655,-0.67723993819095,0.73576223477365,1013.9333333333,-2.6666666666666,3,82,1018.9,-1.9927287552953,-4.6945747526074
"2025-11-18 15:00:00",63.666666666667,1011.2666666667,8.0333333333333,0,0,-0.70710678118655,-0.70710678118655,-0.67723993819095,0.73576223477365,1013.9333333333,-2.6666666666666,3,82,1018.9,-1.9927287552953,-4.6945747526074
"2025-11-18 16:00:00",64.666666666667,1010.5833333333,8.0333333333333,0,0,-0.86602540378444,-0.5,-0.67723993819095,0.73576223477365,1013.0333333333,-2.4499999999999,2.6,88,1018.3,-0.76323598150618,-3.9265087337907
"2025-11-18 16:00:00",64.666666666667,1010.5833333333,8.0333333333333,0,0,-0.86602540378444,-0.5,-0.67723993819095,0.73576223477365,1013.0333333333,-2.4499999999999,2.6,88,1018.3,-0.76323598150618,-3.9265087337907
"2025-11-18 17:00:00",65,1010.0666666667,7.9833333333333,0,0,-0.96592582628907,-0.25881904510252,-0.67723993819095,0.73576223477365,1011.9833333333,-1.9166666666666,2,95,1017.5,-1.1433628791873,-3.5189091102921
"2025-11-18 17:00:00",65,1010.0666666667,7.9833333333333,0,0,-0.96592582628907,-0.25881904510252,-0.67723993819095,0.73576223477365,1011.9833333333,-1.9166666666666,2,95,1017.5,-1.1433628791873,-3.5189091102921
"2025-11-18 18:00:00",65.166666666667,1009.6333333333,7.9,0,0,-1,-1.836970198721E-16,-0.67723993819095,0.73576223477365,1011.2666666667,-1.6333333333336,2.4,92,1017,-2.3187944242125,-2.4866025855052
"2025-11-18 18:00:00",65.166666666667,1009.6333333333,7.9,0,0,-1,-1.836970198721E-16,-0.67723993819095,0.73576223477365,1011.2666666667,-1.6333333333336,2.4,92,1017,-2.3187944242125,-2.4866025855052
"2025-11-18 19:00:00",66,1009.15,7.9,0,0,-0.96592582628907,0.25881904510252,-0.67723993819095,0.73576223477365,1010.5833333333,-1.4333333333334,2.1,90,1016.4,3.5514757175273E-16,-2.9
"2025-11-18 19:00:00",66,1009.15,7.9,0,0,-0.96592582628907,0.25881904510252,-0.67723993819095,0.73576223477365,1010.5833333333,-1.4333333333334,2.1,90,1016.4,3.5514757175273E-16,-2.9
"2025-11-18 20:00:00",66,1008.3833333333,7.9,0,0,-0.86602540378444,0.5,-0.67723993819095,0.73576223477365,1010.0666666667,-1.6833333333333,1.8,97,1016.2,-0.76323598150618,-3.9265087337907
"2025-11-18 20:00:00",66,1008.3833333333,7.9,0,0,-0.86602540378444,0.5,-0.67723993819095,0.73576223477365,1010.0666666667,-1.6833333333333,1.8,97,1016.2,-0.76323598150618,-3.9265087337907
"2025-11-18 21:00:00",67,1007.8666666667,7.9,0,0,-0.70710678118655,0.70710678118655,-0.67723993819095,0.73576223477365,1009.6333333333,-1.7666666666665,1.5,97,1015.3,0.57278591400419,-4.6649669127142
"2025-11-18 21:00:00",67,1007.8666666667,7.9,0,0,-0.70710678118655,0.70710678118655,-0.67723993819095,0.73576223477365,1009.6333333333,-1.7666666666665,1.5,97,1015.3,0.57278591400419,-4.6649669127142
"2025-11-18 22:00:00",67,1007.2166666667,7.8833333333333,0,0,-0.5,0.86602540378444,-0.67723993819095,0.73576223477365,1009.15,-1.9333333333333,2.1,97,1015.3,-0.22504461184466,-4.2941069994447
"2025-11-18 22:00:00",67,1007.2166666667,7.8833333333333,0,0,-0.5,0.86602540378444,-0.67723993819095,0.73576223477365,1009.15,-1.9333333333333,2.1,97,1015.3,-0.22504461184466,-4.2941069994447
"2025-11-18 23:00:00",67,1006.4333333333,7.9,0,0,-0.25881904510252,0.96592582628907,-0.67723993819095,0.73576223477365,1008.3833333333,-1.9499999999999,1.6,98,1014.5,5.2659812363336E-16,-4.3
"2025-11-18 23:00:00",67,1006.4333333333,7.9,0,0,-0.25881904510252,0.96592582628907,-0.67723993819095,0.73576223477365,1008.3833333333,-1.9499999999999,1.6,98,1014.5,5.2659812363336E-16,-4.3
"2025-11-19 00:00:00",67,1005.55,7.8166666666667,0,0,0,1,-0.66448346552286,0.74730296670543,1007.8666666667,-2.3166666666666,1.7,98,1013.3,-0.54841204532316,-4.4664576823859
"2025-11-19 00:00:00",67,1005.55,7.8166666666667,0,0,0,1,-0.66448346552286,0.74730296670543,1007.8666666667,-2.3166666666666,1.7,98,1013.3,-0.54841204532316,-4.4664576823859
"2025-11-19 01:00:00",67.333333333333,1004.7833333333,7.8,0,0,0.25881904510252,0.96592582628907,-0.66448346552286,0.74730296670543,1007.2166666667,-2.4333333333334,2.3,99,1011.9,-0.20241708087451,-5.7964667967108
"2025-11-19 01:00:00",67.333333333333,1004.7833333333,7.8,0,0,0.25881904510252,0.96592582628907,-0.66448346552286,0.74730296670543,1007.2166666667,-2.4333333333334,2.3,99,1011.9,-0.20241708087451,-5.7964667967108
"2025-11-19 02:00:00",67,1004.1,7.75,0,0,0.5,0.86602540378444,-0.66448346552286,0.74730296670543,1006.4333333333,-2.3333333333335,1.3,98,1011.5,6.8580220752252E-16,-5.6
"2025-11-19 02:00:00",67,1004.1,7.75,0,0,0.5,0.86602540378444,-0.66448346552286,0.74730296670543,1006.4333333333,-2.3333333333335,1.3,98,1011.5,6.8580220752252E-16,-5.6
"2025-11-19 03:00:00",66.5,1003.2666666667,7.6666666666667,0,0,0.70710678118655,0.70710678118655,-0.66448346552286,0.74730296670543,1005.55,-2.2833333333335,0.9,99,1011.3,-0.41853884246475,-5.9853843015589
"2025-11-19 03:00:00",66.5,1003.2666666667,7.6666666666667,0,0,0.70710678118655,0.70710678118655,-0.66448346552286,0.74730296670543,1005.55,-2.2833333333335,0.9,99,1011.3,-0.41853884246475,-5.9853843015589
"2025-11-19 04:00:00",65.333333333333,1002.4,7.5666666666667,0,0,0.86602540378444,0.5,-0.66448346552286,0.74730296670543,1004.7833333333,-2.3833333333333,1.3,99,1010.2,0.39761190034152,-5.686115086481
"2025-11-19 04:00:00",65.333333333333,1002.4,7.5666666666667,0,0,0.86602540378444,0.5,-0.66448346552286,0.74730296670543,1004.7833333333,-2.3833333333333,1.3,99,1010.2,0.39761190034152,-5.686115086481
"2025-11-19 05:00:00",65.666666666667,1001.7333333333,7.5,0,0,0.96592582628907,0.25881904510252,-0.66448346552286,0.74730296670543,1004.1,-2.3666666666667,0.9,99,1009.6,6.2456986756515E-16,-5.1
"2025-11-19 05:00:00",65.666666666667,1001.7333333333,7.5,0,0,0.96592582628907,0.25881904510252,-0.66448346552286,0.74730296670543,1004.1,-2.3666666666667,0.9,99,1009.6,6.2456986756515E-16,-5.1
"2025-11-19 06:00:00",67,1001.0166666667,7.5166666666667,0,0,1,6.1232339957368E-17,-0.66448346552286,0.74730296670543,1003.2666666667,-2.2499999999998,0.8,99,1008.9,0.35575801609504,-5.0875766563251
"2025-11-19 06:00:00",67,1001.0166666667,7.5166666666667,0,0,1,6.1232339957368E-17,-0.66448346552286,0.74730296670543,1003.2666666667,-2.2499999999998,0.8,99,1008.9,0.35575801609504,-5.0875766563251
"2025-11-19 07:00:00",68,1000.5166666667,7.5833333333333,0,0,0.96592582628907,-0.25881904510252,-0.66448346552286,0.74730296670543,1002.4,-1.8833333333334,2.2,100,1007.9,-0.73524198568908,-4.6421352007971
"2025-11-19 07:00:00",68,1000.5166666667,7.5833333333333,0,0,0.96592582628907,-0.25881904510252,-0.66448346552286,0.74730296670543,1002.4,-1.8833333333334,2.2,100,1007.9,-0.73524198568908,-4.6421352007971
"2025-11-19 08:00:00",69,999.9,7.65,0,0,0.86602540378444,-0.5,-0.66448346552286,0.74730296670543,1001.7333333333,-1.8333333333333,2.1,100,1007.2,-1.3306348212337,-6.2601446446964
"2025-11-19 08:00:00",69,999.9,7.65,0,0,0.86602540378444,-0.5,-0.66448346552286,0.74730296670543,1001.7333333333,-1.8333333333333,2.1,100,1007.2,-1.3306348212337,-6.2601446446964
"2025-11-19 09:00:00",69.833333333333,999.31666666667,7.7,0,0,0.70710678118655,-0.70710678118655,-0.66448346552286,0.74730296670543,1001.0166666667,-1.7000000000002,2,100,1006.8,0.41853884246475,-5.9853843015589
"2025-11-19 09:00:00",69.833333333333,999.31666666667,7.7,0,0,0.70710678118655,-0.70710678118655,-0.66448346552286,0.74730296670543,1001.0166666667,-1.7000000000002,2,100,1006.8,0.41853884246475,-5.9853843015589
"2025-11-19 10:00:00",70,998.63333333333,7.7,0,0,0.5,-0.86602540378444,-0.66448346552286,0.74730296670543,1000.5166666667,-1.8833333333333,2.6,100,1005.8,0.3768188849492,-7.1901326502329
"2025-11-19 10:00:00",70,998.63333333333,7.7,0,0,0.5,-0.86602540378444,-0.66448346552286,0.74730296670543,1000.5166666667,-1.8833333333333,2.6,100,1005.8,0.3768188849492,-7.1901326502329
"2025-11-19 11:00:00",70.833333333333,997.88333333333,7.7,0,0,0.25881904510252,-0.96592582628907,-0.66448346552286,0.74730296670543,999.9,-2.0166666666667,2.4,99,1005.2,-0.35588450245202,-6.7906808363311
"2025-11-19 11:00:00",70.833333333333,997.88333333333,7.7,0,0,0.25881904510252,-0.96592582628907,-0.66448346552286,0.74730296670543,999.9,-2.0166666666667,2.4,99,1005.2,-0.35588450245202,-6.7906808363311
"2025-11-19 12:00:00",71.333333333333,996.98333333333,7.7666666666667,0,0,1.2246467991474E-16,-1,-0.66448346552286,0.74730296670543,999.31666666667,-2.3333333333334,2.8,98,1004.6,-0.21637687955551,-6.1962231275184
"2025-11-19 12:00:00",71.333333333333,996.98333333333,7.7666666666667,0,0,1.2246467991474E-16,-1,-0.66448346552286,0.74730296670543,999.31666666667,-2.3333333333334,2.8,98,1004.6,-0.21637687955551,-6.1962231275184
"2025-11-19 13:00:00",72,995.93333333333,7.8166666666667,0,0,-0.25881904510252,-0.96592582628907,-0.66448346552286,0.74730296670543,998.63333333333,-2.6999999999999,3.6,98,1003.4,-1.7834673988087,-5.8334590113745
"2025-11-19 13:00:00",72,995.93333333333,7.8166666666667,0,0,-0.25881904510252,-0.96592582628907,-0.66448346552286,0.74730296670543,998.63333333333,-2.6999999999999,3.6,98,1003.4,-1.7834673988087,-5.8334590113745
"2025-11-19 14:00:00",73,995.21666666667,7.9166666666667,0,0,-0.5,-0.86602540378444,-0.66448346552286,0.74730296670543,997.88333333333,-2.6666666666665,3.8,99,1002.5,-1.3722171593972,-6.4557741648431
"2025-11-19 14:00:00",73,995.21666666667,7.9166666666667,0,0,-0.5,-0.86602540378444,-0.66448346552286,0.74730296670543,997.88333333333,-2.6666666666665,3.8,99,1002.5,-1.3722171593972,-6.4557741648431
"2025-11-19 15:00:00",73,994.95,8,0,0,-0.70710678118655,-0.70710678118655,-0.66448346552286,0.74730296670543,996.98333333333,-2.0333333333333,3.7,98,1001.9,0.73761743508835,-5.2484207643303
"2025-11-19 15:00:00",73,994.95,8,0,0,-0.70710678118655,-0.70710678118655,-0.66448346552286,0.74730296670543,996.98333333333,-2.0333333333333,3.7,98,1001.9,0.73761743508835,-5.2484207643303
"2025-11-19 16:00:00",72.166666666667,994.65,8.05,0,0,-0.86602540378444,-0.5,-0.66448346552286,0.74730296670543,995.93333333333,-1.2833333333332,4.1,97,1001.3,0.22504461184466,-4.2941069994447
"2025-11-19 16:00:00",72.166666666667,994.65,8.05,0,0,-0.86602540378444,-0.5,-0.66448346552286,0.74730296670543,995.93333333333,-1.2833333333332,4.1,97,1001.3,0.22504461184466,-4.2941069994447
"2025-11-19 17:00:00",71.166666666667,994.75,8.0333333333333,0,0,-0.96592582628907,-0.25881904510252,-0.66448346552286,0.74730296670543,995.21666666667,-0.46666666666681,3.6,96,1001.3,-3.6770133269711,-3.0853805264954
"2025-11-19 17:00:00",71.166666666667,994.75,8.0333333333333,0,0,-0.96592582628907,-0.25881904510252,-0.66448346552286,0.74730296670543,995.21666666667,-0.46666666666681,3.6,96,1001.3,-3.6770133269711,-3.0853805264954
"2025-11-19 18:00:00",69.333333333333,995.18333333333,7.8833333333333,0,0,-1,-1.836970198721E-16,-0.66448346552286,0.74730296670543,994.95,0.23333333333346,3.3,96,1001.7,-2.9016315039426,-1.9571751621476
"2025-11-19 18:00:00",69.333333333333,995.18333333333,7.8833333333333,0,0,-1,-1.836970198721E-16,-0.66448346552286,0.74730296670543,994.95,0.23333333333346,3.3,96,1001.7,-2.9016315039426,-1.9571751621476
"2025-11-19 19:00:00",69,995.55,7.7666666666667,0,0,-0.96592582628907,0.25881904510252,-0.66448346552286,0.74730296670543,994.65,0.89999999999998,2.9,96,1002.3,-1.9,-3.49024337757E-16
"2025-11-19 19:00:00",69,995.55,7.7666666666667,0,0,-0.96592582628907,0.25881904510252,-0.66448346552286,0.74730296670543,994.65,0.89999999999998,2.9,96,1002.3,-1.9,-3.49024337757E-16
"2025-11-19 20:00:00",68.833333333333,996.1,7.7,0,0,-0.86602540378444,0.5,-0.66448346552286,0.74730296670543,994.75,1.3499999999999,2.3,96,1002.4,-3.7169608827885,-0.79006442510749
"2025-11-19 20:00:00",68.833333333333,996.1,7.7,0,0,-0.86602540378444,0.5,-0.66448346552286,0.74730296670543,994.75,1.3499999999999,2.3,96,1002.4,-3.7169608827885,-0.79006442510749
"2025-11-19 21:00:00",67,996.8,7.65,0,0,-0.70710678118655,0.70710678118655,-0.66448346552286,0.74730296670543,995.18333333333,1.6166666666667,2,95,1003.5,-1.9534089267429,5.6731114535959
"2025-11-19 21:00:00",67,996.8,7.65,0,0,-0.70710678118655,0.70710678118655,-0.66448346552286,0.74730296670543,995.18333333333,1.6166666666667,2,95,1003.5,-1.9534089267429,5.6731114535959
"2025-11-19 22:00:00",67.333333333333,997.45,7.5166666666667,0,0,-0.5,0.86602540378444,-0.66448346552286,0.74730296670543,995.55,1.8999999999997,1.8,96,1004,-2.7025882475893,4.3250452903978
"2025-11-19 22:00:00",67.333333333333,997.45,7.5166666666667,0,0,-0.5,0.86602540378444,-0.66448346552286,0.74730296670543,995.55,1.8999999999997,1.8,96,1004,-2.7025882475893,4.3250452903978
"2025-11-19 23:00:00",68,998,7.55,0,0,-0.25881904510252,0.96592582628907,-0.66448346552286,0.74730296670543,996.1,1.9,2.3,95,1004.4,-4.8846534264197,5.424957225985
"2025-11-19 23:00:00",68,998,7.55,0,0,-0.25881904510252,0.96592582628907,-0.66448346552286,0.74730296670543,996.1,1.9,2.3,95,1004.4,-4.8846534264197,5.424957225985
"2025-11-20 00:00:00",68,998.9,7.6,0,0,0,1,-0.6515303615068,0.75862255966641,996.8,2.1,2.3,92,1005.3,-4.3955954942364,5.0565541874926
"2025-11-20 00:00:00",68,998.9,7.6,0,0,0,1,-0.6515303615068,0.75862255966641,996.8,2.1,2.3,92,1005.3,-4.3955954942364,5.0565541874926
"2025-11-20 01:00:00",68,999.61666666667,7.55,0,0,0.25881904510252,0.96592582628907,-0.6515303615068,0.75862255966641,997.45,2.1666666666669,2.1,92,1006.2,-5.0484240976704,6.4616881795751
"2025-11-20 01:00:00",68,999.61666666667,7.55,0,0,0.25881904510252,0.96592582628907,-0.6515303615068,0.75862255966641,997.45,2.1666666666669,2.1,92,1006.2,-5.0484240976704,6.4616881795751
"2025-11-20 02:00:00",68,1000.4,7.55,0,0,0.5,0.86602540378444,-0.6515303615068,0.75862255966641,998,2.4000000000001,1.7,93,1007,-5.2020137783418,4.683914244512
"2025-11-20 02:00:00",68,1000.4,7.55,0,0,0.5,0.86602540378444,-0.6515303615068,0.75862255966641,998,2.4000000000001,1.7,93,1007,-5.2020137783418,4.683914244512
"2025-11-20 03:00:00",68,1001.1333333333,7.5,0,0,0.70710678118655,0.70710678118655,-0.6515303615068,0.75862255966641,998.9,2.2333333333332,1.5,94,1008.2,-4.3102399877689,3.8809575168814
"2025-11-20 03:00:00",68,1001.1333333333,7.5,0,0,0.70710678118655,0.70710678118655,-0.6515303615068,0.75862255966641,998.9,2.2333333333332,1.5,94,1008.2,-4.3102399877689,3.8809575168814
"2025-11-20 04:00:00",67.833333333333,1001.5833333333,7.5,0,0,0.86602540378444,0.5,-0.6515303615068,0.75862255966641,999.61666666667,1.9666666666667,1.5,94,1008.1,-5.8260942488726,2.1205248886191
"2025-11-20 04:00:00",67.833333333333,1001.5833333333,7.5,0,0,0.86602540378444,0.5,-0.6515303615068,0.75862255966641,999.61666666667,1.9666666666667,1.5,94,1008.1,-5.8260942488726,2.1205248886191
"2025-11-20 05:00:00",67,1001.9666666667,7.4333333333333,0,0,0.96592582628907,0.25881904510252,-0.6515303615068,0.75862255966641,1000.4,1.5666666666667,1.3,92,1008.8,-5.0463405411723,4.7057886844312
"2025-11-20 05:00:00",67,1001.9666666667,7.4333333333333,0,0,0.96592582628907,0.25881904510252,-0.6515303615068,0.75862255966641,1000.4,1.5666666666667,1.3,92,1008.8,-5.0463405411723,4.7057886844312
"2025-11-20 06:00:00",66.666666666667,1002.3666666667,7.4166666666667,0,0,1,6.1232339957368E-17,-0.6515303615068,0.75862255966641,1001.1333333333,1.2333333333333,1,94,1009.3,-4.8642892940835,3.1589064030872
"2025-11-20 06:00:00",66.666666666667,1002.3666666667,7.4166666666667,0,0,1,6.1232339957368E-17,-0.6515303615068,0.75862255966641,1001.1333333333,1.2333333333333,1,94,1009.3,-4.8642892940835,3.1589064030872
"2025-11-20 07:00:00",66,1002.8166666667,7.3166666666667,0,0,0.96592582628907,-0.25881904510252,-0.6515303615068,0.75862255966641,1001.5833333333,1.2333333333332,0.9,95,1009.6,-1.3287730758123,4.0895430200692
"2025-11-20 07:00:00",66,1002.8166666667,7.3166666666667,0,0,0.96592582628907,-0.25881904510252,-0.6515303615068,0.75862255966641,1001.5833333333,1.2333333333332,0.9,95,1009.6,-1.3287730758123,4.0895430200692
"2025-11-20 08:00:00",66,1003.2833333333,7.25,0,0,0.86602540378444,-0.5,-0.6515303615068,0.75862255966641,1001.9666666667,1.3166666666666,0.6,97,1010.3,-3.4787730758123,-2.5274765848576
"2025-11-20 08:00:00",66,1003.2833333333,7.25,0,0,0.86602540378444,-0.5,-0.6515303615068,0.75862255966641,1001.9666666667,1.3166666666666,0.6,97,1010.3,-3.4787730758123,-2.5274765848576
"2025-11-20 09:00:00",66,1003.7333333333,7.1833333333333,0,0,0.70710678118655,-0.70710678118655,-0.6515303615068,0.75862255966641,1002.3666666667,1.3666666666666,0.4,96,1010.7,-5.4464743780786,-0.76545205528036
"2025-11-20 09:00:00",66,1003.7333333333,7.1833333333333,0,0,0.70710678118655,-0.70710678118655,-0.6515303615068,0.75862255966641,1002.3666666667,1.3666666666666,0.4,96,1010.7,-5.4464743780786,-0.76545205528036
"2025-11-20 10:00:00",66.5,1004.1,7.2,0,0,0.5,-0.86602540378444,-0.6515303615068,0.75862255966641,1002.8166666667,1.2833333333333,0.7,93,1010.7,-3.4605421053779,-0.9922944809412
"2025-11-20 10:00:00",66.5,1004.1,7.2,0,0,0.5,-0.86602540378444,-0.6515303615068,0.75862255966641,1002.8166666667,1.2833333333333,0.7,93,1010.7,-3.4605421053779,-0.9922944809412
"2025-11-20 11:00:00",67.666666666667,1004.3333333333,7.2666666666667,0,0,0.25881904510252,-0.96592582628907,-0.6515303615068,0.75862255966641,1003.2833333333,1.0500000000001,1.1,91,1011.1,-3.8483267114133,-2.1331623290839
"2025-11-20 11:00:00",67.666666666667,1004.3333333333,7.2666666666667,0,0,0.25881904510252,-0.96592582628907,-0.6515303615068,0.75862255966641,1003.2833333333,1.0500000000001,1.1,91,1011.1,-3.8483267114133,-2.1331623290839
"2025-11-20 12:00:00",68.833333333333,1004.15,7.4,0,0,1.2246467991474E-16,-1,-0.6515303615068,0.75862255966641,1003.7333333333,0.41666666666674,1.5,90,1011.4,-4.2650457310072,-1.7231903297132
"2025-11-20 12:00:00",68.833333333333,1004.15,7.4,0,0,1.2246467991474E-16,-1,-0.6515303615068,0.75862255966641,1003.7333333333,0.41666666666674,1.5,90,1011.4,-4.2650457310072,-1.7231903297132
"2025-11-20 13:00:00",69.166666666667,1004.2833333333,7.5,0,0,-0.25881904510252,-0.96592582628907,-0.6515303615068,0.75862255966641,1004.1,0.18333333333339,1.7,93,1011.2,-4.4811860471866,-1.7201661578174
"2025-11-20 13:00:00",69.166666666667,1004.2833333333,7.5,0,0,-0.25881904510252,-0.96592582628907,-0.6515303615068,0.75862255966641,1004.1,0.18333333333339,1.7,93,1011.2,-4.4811860471866,-1.7201661578174
"2025-11-20 14:00:00",68.166666666667,1004.4333333333,7.5,0,0,-0.5,-0.86602540378444,-0.6515303615068,0.75862255966641,1004.3333333333,0.099999999999909,1.6,95,1011.2,-3.6797310128626,-0.38675531409032
"2025-11-20 14:00:00",68.166666666667,1004.4333333333,7.5,0,0,-0.5,-0.86602540378444,-0.6515303615068,0.75862255966641,1004.3333333333,0.099999999999909,1.6,95,1011.2,-3.6797310128626,-0.38675531409032
"2025-11-20 15:00:00",68,1004.7666666667,7.3666666666667,0,0,-0.70710678118655,-0.70710678118655,-0.6515303615068,0.75862255966641,1004.15,0.61666666666656,1.4,97,1011.6,-3.851984528321,-0.6100944136569
"2025-11-20 15:00:00",68,1004.7666666667,7.3666666666667,0,0,-0.70710678118655,-0.70710678118655,-0.6515303615068,0.75862255966641,1004.15,0.61666666666656,1.4,97,1011.6,-3.851984528321,-0.6100944136569
"2025-11-20 16:00:00",67,1005.3166666667,7.3666666666667,0,0,-0.86602540378444,-0.5,-0.6515303615068,0.75862255966641,1004.2833333333,1.0333333333333,0.9,97,1012.2,-2.8717773993506,0.40360199278419
"2025-11-20 16:00:00",67,1005.3166666667,7.3666666666667,0,0,-0.86602540378444,-0.5,-0.6515303615068,0.75862255966641,1004.2833333333,1.0333333333333,0.9,97,1012.2,-2.8717773993506,0.40360199278419
"2025-11-20 17:00:00",66,1005.8333333333,7.25,0,0,-0.96592582628907,-0.25881904510252,-0.6515303615068,0.75862255966641,1004.4333333333,1.4000000000001,0.7,94,1013,-4.4916612955583,3.5092704093563
"2025-11-20 17:00:00",66,1005.8333333333,7.25,0,0,-0.96592582628907,-0.25881904510252,-0.6515303615068,0.75862255966641,1004.4333333333,1.4000000000001,0.7,94,1013,-4.4916612955583,3.5092704093563
"2025-11-20 18:00:00",66,1006.2666666667,7.1666666666667,0,0,-1,-1.836970198721E-16,-0.6515303615068,0.75862255966641,1004.7666666667,1.5,0.4,98,1013.6,-0.96961924049267,1.7492394142788
"2025-11-20 18:00:00",66,1006.2666666667,7.1666666666667,0,0,-1,-1.836970198721E-16,-0.6515303615068,0.75862255966641,1004.7666666667,1.5,0.4,98,1013.6,-0.96961924049267,1.7492394142788
"2025-11-20 19:00:00",66,1006.8666666667,7.1,0,0,-0.96592582628907,0.25881904510252,-0.6515303615068,0.75862255966641,1005.3166666667,1.5500000000002,0.9,95,1013.7,-4.900535883036,2.4969477485675
"2025-11-20 19:00:00",66,1006.8666666667,7.1,0,0,-0.96592582628907,0.25881904510252,-0.6515303615068,0.75862255966641,1005.3166666667,1.5500000000002,0.9,95,1013.7,-4.900535883036,2.4969477485675
"2025-11-20 20:00:00",65.5,1007.2666666667,7.05,0,0,-0.86602540378444,0.5,-0.6515303615068,0.75862255966641,1005.8333333333,1.4333333333332,0.3,90,1014.5,-2.347078590293,3.1146784891844
"2025-11-20 20:00:00",65.5,1007.2666666667,7.05,0,0,-0.86602540378444,0.5,-0.6515303615068,0.75862255966641,1005.8333333333,1.4333333333332,0.3,90,1014.5,-2.347078590293,3.1146784891844
"2025-11-20 21:00:00",64.5,1007.6833333333,6.9833333333333,0,0,-0.70710678118655,0.70710678118655,-0.6515303615068,0.75862255966641,1006.2666666667,1.4166666666669,-0.2,92,1015,-1.7,-3.1228493378258E-16
"2025-11-20 21:00:00",64.5,1007.6833333333,6.9833333333333,0,0,-0.70710678118655,0.70710678118655,-0.6515303615068,0.75862255966641,1006.2666666667,1.4166666666669,-0.2,92,1015,-1.7,-3.1228493378258E-16
"2025-11-20 22:00:00",60.666666666667,1008,6.75,0,0,-0.5,0.86602540378444,-0.6515303615068,0.75862255966641,1006.8666666667,1.1333333333332,-0.1,91,1015.5,-0.56654188240106,-0.94288403077232
"2025-11-20 22:00:00",60.666666666667,1008,6.75,0,0,-0.5,0.86602540378444,-0.6515303615068,0.75862255966641,1006.8666666667,1.1333333333332,-0.1,91,1015.5,-0.56654188240106,-0.94288403077232
"2025-11-20 23:00:00",60,1008.1166666667,6.5833333333333,0,0,-0.25881904510252,0.96592582628907,-0.6515303615068,0.75862255966641,1007.2666666667,0.85000000000014,-0.4,94,1015.5,0.35640260967535,-0.18159619989582
"2025-11-20 23:00:00",60,1008.1166666667,6.5833333333333,0,0,-0.25881904510252,0.96592582628907,-0.6515303615068,0.75862255966641,1007.2666666667,0.85000000000014,-0.4,94,1015.5,0.35640260967535,-0.18159619989582
"2025-11-21 00:00:00",61.5,1008.2333333333,6.6333333333333,0,0,0,1,-0.63838445917466,0.76971766400692,1007.6833333333,0.54999999999984,-0.4,93,1015.7,-2.0990872971345,1.1635430885912
"2025-11-21 00:00:00",61.5,1008.2333333333,6.6333333333333,0,0,0,1,-0.63838445917466,0.76971766400692,1007.6833333333,0.54999999999984,-0.4,93,1015.7,-2.0990872971345,1.1635430885912
"2025-11-21 01:00:00",62.666666666667,1008.4666666667,6.8,0,0,0.25881904510252,0.96592582628907,-0.63838445917466,0.76971766400692,1008,0.4666666666667,0.2,96,1015.7,-0.7762365810208,0.19353751647973
"2025-11-21 01:00:00",62.666666666667,1008.4666666667,6.8,0,0,0.25881904510252,0.96592582628907,-0.63838445917466,0.76971766400692,1008,0.4666666666667,0.2,96,1015.7,-0.7762365810208,0.19353751647973
"2025-11-21 02:00:00",63,1008.8333333333,6.8833333333333,0,0,0.5,0.86602540378444,-0.63838445917466,0.76971766400692,1008.1166666667,0.7166666666667,-0.3,99,1016.1,-0.5806125494392,-2.3287097430624
"2025-11-21 02:00:00",63,1008.8333333333,6.8833333333333,0,0,0.5,0.86602540378444,-0.63838445917466,0.76971766400692,1008.1166666667,0.7166666666667,-0.3,99,1016.1,-0.5806125494392,-2.3287097430624
"2025-11-21 03:00:00",64,1008.8333333333,6.8833333333333,0,0,0.70710678118655,0.70710678118655,-0.63838445917466,0.76971766400692,1008.2333333333,0.59999999999991,-0.1,98,1016.7,-1.1809062521829,-1.358477244401
"2025-11-21 03:00:00",64,1008.8333333333,6.8833333333333,0,0,0.70710678118655,0.70710678118655,-0.63838445917466,0.76971766400692,1008.2333333333,0.59999999999991,-0.1,98,1016.7,-1.1809062521829,-1.358477244401
"2025-11-21 04:00:00",64,1009.2333333333,6.8333333333333,0,0,0.86602540378444,0.5,-0.63838445917466,0.76971766400692,1008.4666666667,0.76666666666654,0.2,94,1016.3,-2.4492935982947E-16,1
"2025-11-21 04:00:00",64,1009.2333333333,6.8333333333333,0,0,0.86602540378444,0.5,-0.63838445917466,0.76971766400692,1008.4666666667,0.76666666666654,0.2,94,1016.3,-2.4492935982947E-16,1
"2025-11-21 05:00:00",64,1009.65,6.8333333333333,0,0,0.96592582628907,0.25881904510252,-0.63838445917466,0.76971766400692,1008.8333333333,0.81666666666661,-0.1,97,1017.2,-1.4695761589768E-16,0.6
"2025-11-21 05:00:00",64,1009.65,6.8333333333333,0,0,0.96592582628907,0.25881904510252,-0.63838445917466,0.76971766400692,1008.8333333333,0.81666666666661,-0.1,97,1017.2,-1.4695761589768E-16,0.6
"2025-11-21 06:00:00",64.833333333333,1010.4666666667,6.8333333333333,0,0,1,6.1232339957368E-17,-0.63838445917466,0.76971766400692,1008.8333333333,1.6333333333336,0.3,98,1017.7,0.98994949366117,-0.98994949366117
"2025-11-21 06:00:00",64.833333333333,1010.4666666667,6.8333333333333,0,0,1,6.1232339957368E-17,-0.63838445917466,0.76971766400692,1008.8333333333,1.6333333333336,0.3,98,1017.7,0.98994949366117,-0.98994949366117
"2025-11-21 07:00:00",65,1011.3166666667,6.85,0,0,0.96592582628907,-0.25881904510252,-0.63838445917466,0.76971766400692,1009.2333333333,2.0833333333335,0.3,97,1018.3,0.39143503242952,-0.58032630078853
"2025-11-21 07:00:00",65,1011.3166666667,6.85,0,0,0.96592582628907,-0.25881904510252,-0.63838445917466,0.76971766400692,1009.2333333333,2.0833333333335,0.3,97,1018.3,0.39143503242952,-0.58032630078853
"2025-11-21 08:00:00",65,1012.4666666667,6.8333333333333,0,0,0.86602540378444,-0.5,-0.63838445917466,0.76971766400692,1009.65,2.8166666666666,0.4,97,1019.5,0.7762365810208,0.19353751647973
"2025-11-21 08:00:00",65,1012.4666666667,6.8333333333333,0,0,0.86602540378444,-0.5,-0.63838445917466,0.76971766400692,1009.65,2.8166666666666,0.4,97,1019.5,0.7762365810208,0.19353751647973
"2025-11-21 09:00:00",65,1013.4666666667,6.8,0,0,0.70710678118655,-0.70710678118655,-0.63838445917466,0.76971766400692,1010.4666666667,3,0.3,95,1020.6,2.7388132820547,0.58215273428973
"2025-11-21 09:00:00",65,1013.4666666667,6.8,0,0,0.70710678118655,-0.70710678118655,-0.63838445917466,0.76971766400692,1010.4666666667,3,0.3,95,1020.6,2.7388132820547,0.58215273428973
"2025-11-21 10:00:00",65.333333333333,1014.2833333333,6.8666666666667,0,0,0.5,-0.86602540378444,-0.63838445917466,0.76971766400692,1011.3166666667,2.9666666666666,0.8,87,1021.3,2.3334523779156,2.3334523779156
"2025-11-21 10:00:00",65.333333333333,1014.2833333333,6.8666666666667,0,0,0.5,-0.86602540378444,-0.63838445917466,0.76971766400692,1011.3166666667,2.9666666666666,0.8,87,1021.3,2.3334523779156,2.3334523779156
"2025-11-21 11:00:00",67,1015.0666666667,6.9666666666667,0,0,0.25881904510252,-0.96592582628907,-0.63838445917466,0.76971766400692,1012.4666666667,2.6,1.8,73,1022.2,2.5216344115415,1.9701167210421
"2025-11-21 11:00:00",67,1015.0666666667,6.9666666666667,0,0,0.25881904510252,-0.96592582628907,-0.63838445917466,0.76971766400692,1012.4666666667,2.6,1.8,73,1022.2,2.5216344115415,1.9701167210421
"2025-11-21 12:00:00",68,1015.5833333333,7.1666666666667,0,0,1.2246467991474E-16,-1,-0.63838445917466,0.76971766400692,1013.4666666667,2.1166666666667,2.5,67,1022.7,1.7231903297132,4.2650457310072
"2025-11-21 12:00:00",68,1015.5833333333,7.1666666666667,0,0,1.2246467991474E-16,-1,-0.63838445917466,0.76971766400692,1013.4666666667,2.1166666666667,2.5,67,1022.7,1.7231903297132,4.2650457310072
"2025-11-21 13:00:00",68.166666666667,1016.0333333333,7.5833333333333,0,0,-0.25881904510252,-0.96592582628907,-0.63838445917466,0.76971766400692,1014.2833333333,1.75,2.5,71,1022.7,0.95506497716812,5.4164426415671
"2025-11-21 13:00:00",68.166666666667,1016.0333333333,7.5833333333333,0,0,-0.25881904510252,-0.96592582628907,-0.63838445917466,0.76971766400692,1014.2833333333,1.75,2.5,71,1022.7,0.95506497716812,5.4164426415671
"2025-11-21 14:00:00",67.833333333333,1016.2166666667,7.9166666666667,0,0,-0.5,-0.86602540378444,-0.63838445917466,0.76971766400692,1015.0666666667,1.15,2.8,67,1023.6,2.0785341073627,5.4147664736838
"2025-11-21 14:00:00",67.833333333333,1016.2166666667,7.9166666666667,0,0,-0.5,-0.86602540378444,-0.63838445917466,0.76971766400692,1015.0666666667,1.15,2.8,67,1023.6,2.0785341073627,5.4147664736838
"2025-11-21 15:00:00",67,1016.8666666667,7.9166666666667,0,0,-0.70710678118655,-0.70710678118655,-0.63838445917466,0.76971766400692,1015.5833333333,1.2833333333334,2.5,76,1024.5,2.1502076972718,5.6014825589832
"2025-11-21 15:00:00",67,1016.8666666667,7.9166666666667,0,0,-0.70710678118655,-0.70710678118655,-0.63838445917466,0.76971766400692,1015.5833333333,1.2833333333334,2.5,76,1024.5,2.1502076972718,5.6014825589832
"2025-11-21 16:00:00",66,1017.8333333333,7.7333333333333,0,0,-0.86602540378444,-0.5,-0.63838445917466,0.76971766400692,1016.0333333333,1.8000000000001,1.9,80,1025,1.6080443759751,5.2596761577967
"2025-11-21 16:00:00",66,1017.8333333333,7.7333333333333,0,0,-0.86602540378444,-0.5,-0.63838445917466,0.76971766400692,1016.0333333333,1.8000000000001,1.9,80,1025,1.6080443759751,5.2596761577967
"2025-11-21 17:00:00",63.166666666667,1018.65,7.3333333333333,0,0,-0.96592582628907,-0.25881904510252,-0.63838445917466,0.76971766400692,1016.2166666667,2.4333333333334,0.9,86,1026,1.1697454825881,5.0667243368832
"2025-11-21 17:00:00",63.166666666667,1018.65,7.3333333333333,0,0,-0.96592582628907,-0.25881904510252,-0.63838445917466,0.76971766400692,1016.2166666667,2.4333333333334,0.9,86,1026,1.1697454825881,5.0667243368832
"2025-11-21 18:00:00",60,1019.3,6.85,0,0,-1,-1.836970198721E-16,-0.63838445917466,0.76971766400692,1016.8666666667,2.4333333333333,0.2,91,1026.9,1.1576768944314,4.0372991229409
"2025-11-21 18:00:00",60,1019.3,6.85,0,0,-1,-1.836970198721E-16,-0.63838445917466,0.76971766400692,1016.8666666667,2.4333333333333,0.2,91,1026.9,1.1576768944314,4.0372991229409
"2025-11-21 19:00:00",57.166666666667,1019.95,6.5666666666667,0,0,-0.96592582628907,0.25881904510252,-0.63838445917466,0.76971766400692,1017.8333333333,2.1166666666666,-0.2,93,1027.4,-1.1021821192326E-15,4.5
"2025-11-21 19:00:00",57.166666666667,1019.95,6.5666666666667,0,0,-0.96592582628907,0.25881904510252,-0.63838445917466,0.76971766400692,1017.8333333333,2.1166666666666,-0.2,93,1027.4,-1.1021821192326E-15,4.5
"2025-11-21 20:00:00",56.166666666667,1020.3166666667,6.4833333333333,0,0,-0.86602540378444,0.5,-0.63838445917466,0.76971766400692,1018.65,1.6666666666666,-0.4,92,1028.1,0.38675531409032,3.6797310128626
"2025-11-21 20:00:00",56.166666666667,1020.3166666667,6.4833333333333,0,0,-0.86602540378444,0.5,-0.63838445917466,0.76971766400692,1018.65,1.6666666666666,-0.4,92,1028.1,0.38675531409032,3.6797310128626
"2025-11-21 21:00:00",54.5,1020.9166666667,6.5666666666667,0,0,-0.70710678118655,0.70710678118655,-0.63838445917466,0.76971766400692,1019.3,1.6166666666664,-0.6,95,1028.7,-0.19364303809889,3.6949292785919
"2025-11-21 21:00:00",54.5,1020.9166666667,6.5666666666667,0,0,-0.70710678118655,0.70710678118655,-0.63838445917466,0.76971766400692,1019.3,1.6166666666664,-0.6,95,1028.7,-0.19364303809889,3.6949292785919
"2025-11-21 22:00:00",53,1021.35,6.7,0,0,-0.5,0.86602540378444,-0.63838445917466,0.76971766400692,1019.95,1.4000000000001,-0.9,96,1029.2,0.78667384617342,1.9470860945903
"2025-11-21 22:00:00",53,1021.35,6.7,0,0,-0.5,0.86602540378444,-0.63838445917466,0.76971766400692,1019.95,1.4000000000001,-0.9,96,1029.2,0.78667384617342,1.9470860945903
"2025-11-21 23:00:00",52,1021.2333333333,6.8,0,0,-0.25881904510252,0.96592582628907,-0.63838445917466,0.76971766400692,1020.3166666667,0.91666666666663,-1.6,98,1029.2,0.40491189781896,1.7538661166134
"2025-11-21 23:00:00",52,1021.2333333333,6.8,0,0,-0.25881904510252,0.96592582628907,-0.63838445917466,0.76971766400692,1020.3166666667,0.91666666666663,-1.6,98,1029.2,0.40491189781896,1.7538661166134
"2025-11-22 00:00:00",53.5,1021.5166666667,7,0,0,0,1,-0.62504964861044,0.78058499650709,1020.9166666667,0.60000000000025,-1.8,97,1029.4,-0.7717845962876,2.6915327486273
"2025-11-22 00:00:00",53.5,1021.5166666667,7,0,0,0,1,-0.62504964861044,0.78058499650709,1020.9166666667,0.60000000000025,-1.8,97,1029.4,-0.7717845962876,2.6915327486273
"2025-11-22 01:00:00",54.833333333333,1021.25,7.1833333333333,0,0,0.25881904510252,0.96592582628907,-0.62504964861044,0.78058499650709,1021.35,-0.10000000000002,-1.9,94,1029.1,0.18302705977008,2.0920088659927
"2025-11-22 01:00:00",54.833333333333,1021.25,7.1833333333333,0,0,0.25881904510252,0.96592582628907,-0.62504964861044,0.78058499650709,1021.35,-0.10000000000002,-1.9,94,1029.1,0.18302705977008,2.0920088659927
"2025-11-22 02:00:00",54.166666666667,1021.2166666667,7.2,0,0,0.5,0.86602540378444,-0.62504964861044,0.78058499650709,1021.2333333333,-0.016666666666538,-2.3,97,1028.8,-0.59018764966141,1.1583084814449
"2025-11-22 02:00:00",54.166666666667,1021.2166666667,7.2,0,0,0.5,0.86602540378444,-0.62504964861044,0.78058499650709,1021.2333333333,-0.016666666666538,-2.3,97,1028.8,-0.59018764966141,1.1583084814449
"2025-11-22 03:00:00",53.5,1021.25,7.2,0,0,0.70710678118655,0.70710678118655,-0.62504964861044,0.78058499650709,1021.5166666667,-0.26666666666677,-2.5,97,1029.1,0.37460659341591,0.92718385456679
"2025-11-22 03:00:00",53.5,1021.25,7.2,0,0,0.70710678118655,0.70710678118655,-0.62504964861044,0.78058499650709,1021.5166666667,-0.26666666666677,-2.5,97,1029.1,0.37460659341591,0.92718385456679
"2025-11-22 04:00:00",52.666666666667,1021.2333333333,7.1666666666667,0,0,0.86602540378444,0.5,-0.62504964861044,0.78058499650709,1021.25,-0.016666666666765,-3.2,98,1029.1,-0.56654188240106,0.94288403077232
"2025-11-22 04:00:00",52.666666666667,1021.2333333333,7.1666666666667,0,0,0.86602540378444,0.5,-0.62504964861044,0.78058499650709,1021.25,-0.016666666666765,-3.2,98,1029.1,-0.56654188240106,0.94288403077232
"2025-11-22 05:00:00",49.5,1021.2333333333,7.0666666666667,0,0,0.96592582628907,0.25881904510252,-0.62504964861044,0.78058499650709,1021.2166666667,0.016666666666765,-3.4,95,1029.3,0.8,4.8985871965894E-17
"2025-11-22 05:00:00",49.5,1021.2333333333,7.0666666666667,0,0,0.96592582628907,0.25881904510252,-0.62504964861044,0.78058499650709,1021.2166666667,0.016666666666765,-3.4,95,1029.3,0.8,4.8985871965894E-17
"2025-11-22 06:00:00",46.833333333333,1021.2,6.85,0,0,1,6.1232339957368E-17,-0.62504964861044,0.78058499650709,1021.25,-0.050000000000068,-3.7,96,1029.4,0.3858922981438,-1.3457663743136
"2025-11-22 06:00:00",46.833333333333,1021.2,6.85,0,0,1,6.1232339957368E-17,-0.62504964861044,0.78058499650709,1021.25,-0.050000000000068,-3.7,96,1029.4,0.3858922981438,-1.3457663743136
"2025-11-22 07:00:00",45,1021.2833333333,6.7166666666667,0,0,0.96592582628907,-0.25881904510252,-0.62504964861044,0.78058499650709,1021.2333333333,0.050000000000068,-3.7,96,1029.3,0.18772135804828,-1.1852260087142
"2025-11-22 07:00:00",45,1021.2833333333,6.7166666666667,0,0,0.96592582628907,-0.25881904510252,-0.62504964861044,0.78058499650709,1021.2333333333,0.050000000000068,-3.7,96,1029.3,0.18772135804828,-1.1852260087142
"2025-11-22 08:00:00",44.666666666667,1021.65,6.6666666666667,0,0,0.86602540378444,-0.5,-0.62504964861044,0.78058499650709,1021.2333333333,0.41666666666663,-3.9,99,1029.4,0.3858922981438,-1.3457663743136
"2025-11-22 08:00:00",44.666666666667,1021.65,6.6666666666667,0,0,0.86602540378444,-0.5,-0.62504964861044,0.78058499650709,1021.2333333333,0.41666666666663,-3.9,99,1029.4,0.3858922981438,-1.3457663743136
"2025-11-22 09:00:00",68.333333333333,1021.4,0.76666666666667,0,0,0.70710678118655,-0.70710678118655,-0.62504964861044,0.78058499650709,1021.2,0.20000000000016,-3.7,100,1029.5,0.78287006485905,-1.1606526015771
"2025-11-22 09:00:00",68.333333333333,1021.4,0.76666666666667,0,0,0.70710678118655,-0.70710678118655,-0.62504964861044,0.78058499650709,1021.2,0.20000000000016,-3.7,100,1029.5,0.78287006485905,-1.1606526015771
"2025-11-22 10:00:00",83.666666666667,1021.2666666667,-2.05,-1.1830113383176,0.55116742552022,0.5,-0.86602540378444,-0.62504964861044,0.78058499650709,1021.2833333333,-0.016666666666538,-2.3,94,1029.7,0.95795268256234,-2.948275200515
"2025-11-22 10:00:00",83.666666666667,1021.2666666667,-2.05,-1.1830113383176,0.55116742552022,0.5,-0.86602540378444,-0.62504964861044,0.78058499650709,1021.2833333333,-0.016666666666538,-2.3,94,1029.7,0.95795268256234,-2.948275200515
"2025-11-22 11:00:00",82.666666666667,1020.9,-0.63333333333333,-0.27095301418953,0.082838649671442,0.25881904510252,-0.96592582628907,-0.62504964861044,0.78058499650709,1021.65,-0.75,-1.2,80,1029,0.59844433412828,-4.2581526955888
"2025-11-22 11:00:00",82.666666666667,1020.9,-0.63333333333333,-0.27095301418953,0.082838649671442,0.25881904510252,-0.96592582628907,-0.62504964861044,0.78058499650709,1021.65,-0.75,-1.2,80,1029,0.59844433412828,-4.2581526955888
"2025-11-22 12:00:00",82.333333333333,1020.1,-2.3,1.280355968345,-2.3114845992768,1.2246467991474E-16,-1,-0.62504964861044,0.78058499650709,1021.4,-1.3000000000002,-0.4,75,1028.6,0.59844433412828,-4.2581526955888
"2025-11-22 12:00:00",82.333333333333,1020.1,-2.3,1.280355968345,-2.3114845992768,1.2246467991474E-16,-1,-0.62504964861044,0.78058499650709,1021.4,-1.3000000000002,-0.4,75,1028.6,0.59844433412828,-4.2581526955888
"2025-11-22 13:00:00",85.333333333333,1019.3833333333,-3.1166666666667,1.5629328941037,-4.3507236893222,-0.25881904510252,-0.96592582628907,-0.62504964861044,0.78058499650709,1021.2666666667,-1.8833333333334,0.5,82,1027.3,6.2456986756515E-16,-5.1
"2025-11-22 13:00:00",85.333333333333,1019.3833333333,-3.1166666666667,1.5629328941037,-4.3507236893222,-0.25881904510252,-0.96592582628907,-0.62504964861044,0.78058499650709,1021.2666666667,-1.8833333333334,0.5,82,1027.3,6.2456986756515E-16,-5.1
"2025-11-22 14:00:00",85,1018.6666666667,-3.0666666666667,3.8069590048206,-4.6214531457775,-0.5,-0.86602540378444,-0.62504964861044,0.78058499650709,1020.9,-2.2333333333335,0.9,70,1026.5,-0.17100753384225,-4.8970150523936
"2025-11-22 14:00:00",85,1018.6666666667,-3.0666666666667,3.8069590048206,-4.6214531457775,-0.5,-0.86602540378444,-0.62504964861044,0.78058499650709,1020.9,-2.2333333333335,0.9,70,1026.5,-0.17100753384225,-4.8970150523936
"2025-11-22 15:00:00",79.166666666667,1017.9666666667,-2.2,2.2068604118159,-5.2993298199,-0.70710678118655,-0.70710678118655,-0.62504964861044,0.78058499650709,1020.1,-2.1333333333332,0.6,70,1025.7,1.1643054685795,-5.4776265641093
"2025-11-22 15:00:00",79.166666666667,1017.9666666667,-2.2,2.2068604118159,-5.2993298199,-0.70710678118655,-0.70710678118655,-0.62504964861044,0.78058499650709,1020.1,-2.1333333333332,0.6,70,1025.7,1.1643054685795,-5.4776265641093
"2025-11-22 16:00:00",80.5,1017.2333333333,-3.1166666666667,3.1783310213865,-5.7991877606774,-0.86602540378444,-0.5,-0.62504964861044,0.78058499650709,1019.3833333333,-2.1499999999999,-0,76,1025.1,0.79328667547237,-5.644527991827
"2025-11-22 16:00:00",80.5,1017.2333333333,-3.1166666666667,3.1783310213865,-5.7991877606774,-0.86602540378444,-0.5,-0.62504964861044,0.78058499650709,1019.3833333333,-2.1499999999999,-0,76,1025.1,0.79328667547237,-5.644527991827
"2025-11-22 17:00:00",84,1016.6333333333,-2.9,2.7071531965028,-3.7516126104877,-0.96592582628907,-0.25881904510252,-0.62504964861044,0.78058499650709,1018.6666666667,-2.0333333333333,-0.9,77,1024.4,1.5711329281569,-5.4791916668484
"2025-11-22 17:00:00",84,1016.6333333333,-2.9,2.7071531965028,-3.7516126104877,-0.96592582628907,-0.25881904510252,-0.62504964861044,0.78058499650709,1018.6666666667,-2.0333333333333,-0.9,77,1024.4,1.5711329281569,-5.4791916668484
"2025-11-22 18:00:00",87,1016.1666666667,-3.8,3.8803681298635,-3.6081664529217,-1,-1.836970198721E-16,-0.62504964861044,0.78058499650709,1017.9666666667,-1.8000000000001,-1.4,79,1024.4,1.1697454825881,-5.0667243368832
"2025-11-22 18:00:00",87,1016.1666666667,-3.8,3.8803681298635,-3.6081664529217,-1,-1.836970198721E-16,-0.62504964861044,0.78058499650709,1017.9666666667,-1.8000000000001,-1.4,79,1024.4,1.1697454825881,-5.0667243368832
"2025-11-22 19:00:00",88.333333333333,1015.7166666667,-4.2833333333333,2.761602388747,-2.8746850872058,-0.96592582628907,0.25881904510252,-0.62504964861044,0.78058499650709,1017.2333333333,-1.5166666666669,-1.9,91,1024.2,1.5711329281569,-5.4791916668484
"2025-11-22 19:00:00",88.333333333333,1015.7166666667,-4.2833333333333,2.761602388747,-2.8746850872058,-0.96592582628907,0.25881904510252,-0.62504964861044,0.78058499650709,1017.2333333333,-1.5166666666669,-1.9,91,1024.2,1.5711329281569,-5.4791916668484
"2025-11-22 20:00:00",86,1015.1166666667,-5.45,4.2102236153028,-5.0291956680222,-0.86602540378444,0.5,-0.62504964861044,0.78058499650709,1016.6333333333,-1.5166666666667,-2.2,93,1023.8,1.3976228435536,-5.215999461961
"2025-11-22 20:00:00",86,1015.1166666667,-5.45,4.2102236153028,-5.0291956680222,-0.86602540378444,0.5,-0.62504964861044,0.78058499650709,1016.6333333333,-1.5166666666667,-2.2,93,1023.8,1.3976228435536,-5.215999461961
"2025-11-22 21:00:00",86.5,1014.4166666667,-5.95,5.7539636203046,-6.2982094514551,-0.70710678118655,0.70710678118655,-0.62504964861044,0.78058499650709,1016.1666666667,-1.75,-2.6,96,1023.2,1.5759866713122,-4.8503882331053
"2025-11-22 21:00:00",86.5,1014.4166666667,-5.95,5.7539636203046,-6.2982094514551,-0.70710678118655,0.70710678118655,-0.62504964861044,0.78058499650709,1016.1666666667,-1.75,-2.6,96,1023.2,1.5759866713122,-4.8503882331053
"2025-11-22 22:00:00",88.833333333333,1013.7666666667,-4.9666666666667,4.1928198436322,-4.1062193425235,-0.5,0.86602540378444,-0.62504964861044,0.78058499650709,1015.7166666667,-1.9499999999998,-2.9,95,1022.4,2.367204192661,-4.8534878500155
"2025-11-22 22:00:00",88.833333333333,1013.7666666667,-4.9666666666667,4.1928198436322,-4.1062193425235,-0.5,0.86602540378444,-0.62504964861044,0.78058499650709,1015.7166666667,-1.9499999999998,-2.9,95,1022.4,2.367204192661,-4.8534878500155
"2025-11-22 23:00:00",88.833333333333,1013.1333333333,-5.9333333333333,5.8666804333219,-3.740581751291,-0.25881904510252,0.96592582628907,-0.62504964861044,0.78058499650709,1015.1166666667,-1.9833333333335,-3.1,93,1021.8,1.7255112186229,-5.0112484506764
"2025-11-22 23:00:00",88.833333333333,1013.1333333333,-5.9333333333333,5.8666804333219,-3.740581751291,-0.25881904510252,0.96592582628907,-0.62504964861044,0.78058499650709,1015.1166666667,-1.9833333333335,-3.1,93,1021.8,1.7255112186229,-5.0112484506764
"2025-11-23 00:00:00",88.166666666667,1012.25,-6.0166666666667,4.1271272287863,-3.2556018402565,0,1,-0.61152987579911,0.79122134134838,1014.4166666667,-2.1666666666666,-2.9,97,1020.8,2.5425526513766,-5.2130054685352
"2025-11-23 00:00:00",88.166666666667,1012.25,-6.0166666666667,4.1271272287863,-3.2556018402565,0,1,-0.61152987579911,0.79122134134838,1014.4166666667,-2.1666666666666,-2.9,97,1020.8,2.5425526513766,-5.2130054685352
"2025-11-23 01:00:00",88.333333333333,1011.5,-7.0666666666667,6.3223766773363,-3.8374917647013,0.25881904510252,0.96592582628907,-0.61152987579911,0.79122134134838,1013.7666666667,-2.2666666666668,-3,94,1020.1,1.7785047452935,-4.8864016280867
"2025-11-23 01:00:00",88.333333333333,1011.5,-7.0666666666667,6.3223766773363,-3.8374917647013,0.25881904510252,0.96592582628907,-0.61152987579911,0.79122134134838,1013.7666666667,-2.2666666666668,-3,94,1020.1,1.7785047452935,-4.8864016280867
"2025-11-23 02:00:00",86.833333333333,1010.6833333333,-7.5166666666667,6.2347033586243,-5.9607524589494,0.5,0.86602540378444,-0.61152987579911,0.79122134134838,1013.1333333333,-2.4499999999998,-2.9,93,1019,2.149021206691,-5.0627766939884
"2025-11-23 02:00:00",86.833333333333,1010.6833333333,-7.5166666666667,6.2347033586243,-5.9607524589494,0.5,0.86602540378444,-0.61152987579911,0.79122134134838,1013.1333333333,-2.4499999999998,-2.9,93,1019,2.149021206691,-5.0627766939884
"2025-11-23 03:00:00",85.333333333333,1009.8333333333,-5.5833333333333,3.2429065127555,-4.0753008872637,0.70710678118655,0.70710678118655,-0.61152987579911,0.79122134134838,1012.25,-2.4166666666666,-2.5,89,1018.1,0.92296334373736,-5.8273612095113
"2025-11-23 03:00:00",85.333333333333,1009.8333333333,-5.5833333333333,3.2429065127555,-4.0753008872637,0.70710678118655,0.70710678118655,-0.61152987579911,0.79122134134838,1012.25,-2.4166666666666,-2.5,89,1018.1,0.92296334373736,-5.8273612095113
"2025-11-23 04:00:00",83.666666666667,1008.9,-5.7333333333333,5.1922857621412,-3.7555027325428,0.86602540378444,0.5,-0.61152987579911,0.79122134134838,1011.5,-2.6,-2,85,1017.5,2.9370866834868,-6.0219201102044
"2025-11-23 04:00:00",83.666666666667,1008.9,-5.7333333333333,5.1922857621412,-3.7555027325428,0.86602540378444,0.5,-0.61152987579911,0.79122134134838,1011.5,-2.6,-2,85,1017.5,2.9370866834868,-6.0219201102044
"2025-11-23 05:00:00",76.166666666667,1008.1333333333,-5.3,4.8003155358006,-5.4180516948772,0.96592582628907,0.25881904510252,-0.61152987579911,0.79122134134838,1010.6833333333,-2.5500000000002,-2.3,96,1016.6,1.9004160806978,-6.2159809137597
"2025-11-23 05:00:00",76.166666666667,1008.1333333333,-5.3,4.8003155358006,-5.4180516948772,0.96592582628907,0.25881904510252,-0.61152987579911,0.79122134134838,1010.6833333333,-2.5500000000002,-2.3,96,1016.6,1.9004160806978,-6.2159809137597
"2025-11-23 06:00:00",75,1007.45,-4.45,3.1640239321665,-3.6615871235766,1,6.1232339957368E-17,-0.61152987579911,0.79122134134838,1009.8333333333,-2.3833333333332,-1.7,99,1015.8,1.1257730727216,-5.7916003823412
"2025-11-23 06:00:00",75,1007.45,-4.45,3.1640239321665,-3.6615871235766,1,6.1232339957368E-17,-0.61152987579911,0.79122134134838,1009.8333333333,-2.3833333333332,-1.7,99,1015.8,1.1257730727216,-5.7916003823412
"2025-11-23 07:00:00",81.666666666667,1006.6833333333,-5.8666666666667,5.843380948881,-5.6025855870161,0.96592582628907,-0.25881904510252,-0.61152987579911,0.79122134134838,1008.9,-2.2166666666666,-1.8,87,1014.8,0.98256755471595,-9.3485058164618
"2025-11-23 07:00:00",81.666666666667,1006.6833333333,-5.8666666666667,5.843380948881,-5.6025855870161,0.96592582628907,-0.25881904510252,-0.61152987579911,0.79122134134838,1008.9,-2.2166666666666,-1.8,87,1014.8,0.98256755471595,-9.3485058164618
"2025-11-23 08:00:00",74.5,1005.9833333333,-5.2166666666667,4.7678190449968,-5.1693867868993,0.86602540378444,-0.5,-0.61152987579911,0.79122134134838,1008.1333333333,-2.15,-2.2,94,1014.4,2.9219314286441,-7.2320340656209
"2025-11-23 08:00:00",74.5,1005.9833333333,-5.2166666666667,4.7678190449968,-5.1693867868993,0.86602540378444,-0.5,-0.61152987579911,0.79122134134838,1008.1333333333,-2.15,-2.2,94,1014.4,2.9219314286441,-7.2320340656209
"2025-11-23 09:00:00",72,1004.9333333333,-5.85,6.5118297955582,-6.9773063012254,0.70710678118655,-0.70710678118655,-0.61152987579911,0.79122134134838,1007.45,-2.5166666666668,-2,96,1012.8,4.3148056201924,-7.7841153935406
"2025-11-23 09:00:00",72,1004.9333333333,-5.85,6.5118297955582,-6.9773063012254,0.70710678118655,-0.70710678118655,-0.61152987579911,0.79122134134838,1007.45,-2.5166666666668,-2,96,1012.8,4.3148056201924,-7.7841153935406
"2025-11-23 10:00:00",72.833333333333,1004.1166666667,-4.7833333333333,2.8327558260731,-10.956569345055,0.5,-0.86602540378444,-0.61152987579911,0.79122134134838,1006.6833333333,-2.5666666666667,-1.3,75,1012.8,3.29653802206,-8.1592179201877
"2025-11-23 10:00:00",72.833333333333,1004.1166666667,-4.7833333333333,2.8327558260731,-10.956569345055,0.5,-0.86602540378444,-0.61152987579911,0.79122134134838,1006.6833333333,-2.5666666666667,-1.3,75,1012.8,3.29653802206,-8.1592179201877
"2025-11-23 11:00:00",73.666666666667,1003.15,-4.9,0.33282266151295,-9.9155450000461,0.25881904510252,-0.96592582628907,-0.61152987579911,0.79122134134838,1005.9833333333,-2.8333333333333,0.6,72,1011.3,1.2124003311559E-15,-9.9
"2025-11-23 11:00:00",73.666666666667,1003.15,-4.9,0.33282266151295,-9.9155450000461,0.25881904510252,-0.96592582628907,-0.61152987579911,0.79122134134838,1005.9833333333,-2.8333333333333,0.6,72,1011.3,1.2124003311559E-15,-9.9
"2025-11-23 12:00:00",76.666666666667,1002.0333333333,-3.3,2.412034409218,-10.280226017519,1.2246467991474E-16,-1,-0.61152987579911,0.79122134134838,1004.9333333333,-2.9000000000001,0.4,81,1010.5,-1.3360617692166,-9.5065734599191
"2025-11-23 12:00:00",76.666666666667,1002.0333333333,-3.3,2.412034409218,-10.280226017519,1.2246467991474E-16,-1,-0.61152987579911,0.79122134134838,1004.9333333333,-2.9000000000001,0.4,81,1010.5,-1.3360617692166,-9.5065734599191
"2025-11-23 13:00:00",86.833333333333,1000.3,-4.4333333333333,6.9948238083576,-8.5392684286271,-0.25881904510252,-0.96592582628907,-0.61152987579911,0.79122134134838,1004.1166666667,-3.8166666666666,0.2,86,1008.2,-0.15183593600437,-8.6986749478606
"2025-11-23 13:00:00",86.833333333333,1000.3,-4.4333333333333,6.9948238083576,-8.5392684286271,-0.25881904510252,-0.96592582628907,-0.61152987579911,0.79122134134838,1004.1166666667,-3.8166666666666,0.2,86,1008.2,-0.15183593600437,-8.6986749478606
"2025-11-23 14:00:00",92,999.05,-3.95,4.7990812879945,-6.8658932463148,-0.5,-0.86602540378444,-0.61152987579911,0.79122134134838,1003.15,-4.0999999999999,0.2,93,1007,1.0870960179836,-10.34302771183
"2025-11-23 14:00:00",92,999.05,-3.95,4.7990812879945,-6.8658932463148,-0.5,-0.86602540378444,-0.61152987579911,0.79122134134838,1003.15,-4.0999999999999,0.2,93,1007,1.0870960179836,-10.34302771183
"2025-11-23 15:00:00",93.166666666667,998.06666666667,-2.8833333333333,6.0712353654681,-6.6786739925991,-0.70710678118655,-0.70710678118655,-0.61152987579911,0.79122134134838,1002.0333333333,-3.9666666666667,0.3,99,1005.3,2.4743179738744,-7.1859411745548
"2025-11-23 15:00:00",93.166666666667,998.06666666667,-2.8833333333333,6.0712353654681,-6.6786739925991,-0.70710678118655,-0.70710678118655,-0.61152987579911,0.79122134134838,1002.0333333333,-3.9666666666667,0.3,99,1005.3,2.4743179738744,-7.1859411745548
"2025-11-23 16:00:00",93.833333333333,997.31666666667,-1.7666666666667,2.89532523864,-4.3205523666292,-0.86602540378444,-0.5,-0.61152987579911,0.79122134134838,1000.3,-2.9833333333335,0.7,99,1004.1,2.3293916720445,-6.0682727722318
"2025-11-23 16:00:00",93.833333333333,997.31666666667,-1.7666666666667,2.89532523864,-4.3205523666292,-0.86602540378444,-0.5,-0.61152987579911,0.79122134134838,1000.3,-2.9833333333335,0.7,99,1004.1,2.3293916720445,-6.0682727722318
"2025-11-23 17:00:00",94,996.7,-1.2666666666667,2.4032110957488,-3.554914580101,-0.96592582628907,-0.25881904510252,-0.61152987579911,0.79122134134838,999.05,-2.3499999999999,0.6,99,1003.7,1.6995934690622,-5.2308108396233
"2025-11-23 17:00:00",94,996.7,-1.2666666666667,2.4032110957488,-3.554914580101,-0.96592582628907,-0.25881904510252,-0.61152987579911,0.79122134134838,999.05,-2.3499999999999,0.6,99,1003.7,1.6995934690622,-5.2308108396233
"2025-11-23 18:00:00",94.666666666667,996.06666666667,1.2833333333333,1.190342506403,-2.1660535638717,-1,-1.836970198721E-16,-0.61152987579911,0.79122134134838,998.06666666667,-2,0.9,100,1003.5,1.3741470121969,-4.4946323530263
"2025-11-23 18:00:00",94.666666666667,996.06666666667,1.2833333333333,1.190342506403,-2.1660535638717,-1,-1.836970198721E-16,-0.61152987579911,0.79122134134838,998.06666666667,-2,0.9,100,1003.5,1.3741470121969,-4.4946323530263
"2025-11-23 19:00:00",95.166666666667,995.98333333333,2.15,1.1558353718183,-1.036635542461,-0.96592582628907,0.25881904510252,-0.61152987579911,0.79122134134838,997.31666666667,-1.3333333333334,1.6,100,1002.9,0.96768758239867,-3.881182905104
"2025-11-23 19:00:00",95.166666666667,995.98333333333,2.15,1.1558353718183,-1.036635542461,-0.96592582628907,0.25881904510252,-0.61152987579911,0.79122134134838,997.31666666667,-1.3333333333334,1.6,100,1002.9,0.96768758239867,-3.881182905104
"2025-11-23 20:00:00",96,995.58333333333,1.85,1.110538587502,-0.45492907056537,-0.86602540378444,0.5,-0.61152987579911,0.79122134134838,996.7,-1.1166666666668,1.6,100,1002.8,1.3485837362973,-3.3378618764404
"2025-11-23 20:00:00",96,995.58333333333,1.85,1.110538587502,-0.45492907056537,-0.86602540378444,0.5,-0.61152987579911,0.79122134134838,996.7,-1.1166666666668,1.6,100,1002.8,1.3485837362973,-3.3378618764404
"2025-11-23 21:00:00",96,995.36666666667,1.4666666666667,0.63509412902538,-0.31673312716215,-0.70710678118655,0.70710678118655,-0.61152987579911,0.79122134134838,996.06666666667,-0.69999999999982,1.7,100,1002.3,0.95795268256234,-2.948275200515
"2025-11-23 21:00:00",96,995.36666666667,1.4666666666667,0.63509412902538,-0.31673312716215,-0.70710678118655,0.70710678118655,-0.61152987579911,0.79122134134838,996.06666666667,-0.69999999999982,1.7,100,1002.3,0.95795268256234,-2.948275200515
"2025-11-23 22:00:00",96,994.75,1.4833333333333,-0.030835345529363,-0.055628435885265,-0.5,0.86602540378444,-0.61152987579911,0.79122134134838,995.98333333333,-1.2333333333331,2.2,100,1002.1,0.7717845962876,-2.6915327486273
"2025-11-23 22:00:00",96,994.75,1.4833333333333,-0.030835345529363,-0.055628435885265,-0.5,0.86602540378444,-0.61152987579911,0.79122134134838,995.98333333333,-1.2333333333331,2.2,100,1002.1,0.7717845962876,-2.6915327486273
"2025-11-23 23:00:00",96.333333333333,994.38333333333,1.6833333333333,0,0,-0.25881904510252,0.96592582628907,-0.61152987579911,0.79122134134838,995.58333333333,-1.2000000000002,2.1,100,1001.7,-0.37544271609655,-2.3704520174283
"2025-11-23 23:00:00",96.333333333333,994.38333333333,1.6833333333333,0,0,-0.25881904510252,0.96592582628907,-0.61152987579911,0.79122134134838,995.58333333333,-1.2000000000002,2.1,100,1001.7,-0.37544271609655,-2.3704520174283
"2025-11-24 00:00:00",97,994.18333333333,2.0166666666667,0.23094010767585,-0.13333333333333,0,1,-0.59782914145895,0.80162355106524,995.36666666667,-1.1833333333335,2,100,1001.3,0.18302705977008,-2.0920088659927
"2025-11-24 00:00:00",97,994.18333333333,2.0166666666667,0.23094010767585,-0.13333333333333,0,1,-0.59782914145895,0.80162355106524,995.36666666667,-1.1833333333335,2,100,1001.3,0.18302705977008,-2.0920088659927
"2025-11-24 01:00:00",97,993.78333333333,1.8833333333333,0.15225757627377,-0.067789440512633,0.25881904510252,0.96592582628907,-0.59782914145895,0.80162355106524,994.75,-0.96666666666681,2.8,100,1001,1.1433628791873,-3.5189091102921
"2025-11-24 01:00:00",97,993.78333333333,1.8833333333333,0.15225757627377,-0.067789440512633,0.25881904510252,0.96592582628907,-0.59782914145895,0.80162355106524,994.75,-0.96666666666681,2.8,100,1001,1.1433628791873,-3.5189091102921
"2025-11-24 02:00:00",97,993.41666666667,1.95,0,0,0.5,0.86602540378444,-0.59782914145895,0.80162355106524,994.38333333333,-0.96666666666658,2.7,100,1000.6,1.1721933854678,-2.7615145603573
"2025-11-24 02:00:00",97,993.41666666667,1.95,0,0,0.5,0.86602540378444,-0.59782914145895,0.80162355106524,994.38333333333,-0.96666666666658,2.7,100,1000.6,1.1721933854678,-2.7615145603573
"2025-11-24 03:00:00",97,992.88333333333,3.4833333333333,-0.56356240737535,-1.0639637319324E-16,0.70710678118655,0.70710678118655,-0.59782914145895,0.80162355106524,994.18333333333,-1.3,2.7,100,1000.1,0.57242698612963,-2.944881550343
"2025-11-24 03:00:00",97,992.88333333333,3.4833333333333,-0.56356240737535,-1.0639637319324E-16,0.70710678118655,0.70710678118655,-0.59782914145895,0.80162355106524,994.18333333333,-1.3,2.7,100,1000.1,0.57242698612963,-2.944881550343
"2025-11-24 04:00:00",97,992.3,4.7833333333333,-0.77918685408913,-1.0041212375425,0.86602540378444,0.5,-0.59782914145895,0.80162355106524,993.78333333333,-1.4833333333332,3.6,100,999.7,0.37576737259218,-2.6737237856022
"2025-11-24 04:00:00",97,992.3,4.7833333333333,-0.77918685408913,-1.0041212375425,0.86602540378444,0.5,-0.59782914145895,0.80162355106524,993.78333333333,-1.4833333333332,3.6,100,999.7,0.37576737259218,-2.6737237856022
"2025-11-24 05:00:00",96.833333333333,991.83333333333,4.4666666666667,-0.95233935723153,-1.3549314121589,0.96592582628907,0.25881904510252,-0.59782914145895,0.80162355106524,993.41666666667,-1.5833333333333,3.5,100,998.9,0.36584962143679,-3.480826633789
"2025-11-24 05:00:00",96.833333333333,991.83333333333,4.4666666666667,-0.95233935723153,-1.3549314121589,0.96592582628907,0.25881904510252,-0.59782914145895,0.80162355106524,993.41666666667,-1.5833333333333,3.5,100,998.9,0.36584962143679,-3.480826633789
"2025-11-24 06:00:00",96.666666666667,991.4,4,0.079671809013367,-2.3381587514686,1,6.1232339957368E-17,-0.59782914145895,0.80162355106524,992.88333333333,-1.4833333333333,3.5,100,998.7,5.0210518765041E-16,-4.1
"2025-11-24 06:00:00",96.666666666667,991.4,4,0.079671809013367,-2.3381587514686,1,6.1232339957368E-17,-0.59782914145895,0.80162355106524,992.88333333333,-1.4833333333333,3.5,100,998.7,5.0210518765041E-16,-4.1
"2025-11-24 07:00:00",96.166666666667,990.86666666667,4.4,0.84462452796037,-2.5781122024841,0.96592582628907,-0.25881904510252,-0.59782914145895,0.80162355106524,992.3,-1.4333333333333,4,100,998.2,-0.40360199278419,-2.8717773993506
"2025-11-24 07:00:00",96.166666666667,990.86666666667,4.4,0.84462452796037,-2.5781122024841,0.96592582628907,-0.25881904510252,-0.59782914145895,0.80162355106524,992.3,-1.4333333333333,4,100,998.2,-0.40360199278419,-2.8717773993506
"2025-11-24 08:00:00",95.833333333333,990.68333333333,3.8666666666667,-0.59058499187151,-2.9480626400569,0.86602540378444,-0.5,-0.59782914145895,0.80162355106524,991.83333333333,-1.15,3.8,100,997.5,0.76483358476914,-3.3128582202698
"2025-11-24 08:00:00",95.833333333333,990.68333333333,3.8666666666667,-0.59058499187151,-2.9480626400569,0.86602540378444,-0.5,-0.59782914145895,0.80162355106524,991.83333333333,-1.15,3.8,100,997.5,0.76483358476914,-3.3128582202698
"2025-11-24 09:00:00",95,990.36666666667,3.5666666666667,-1.4880006099603,-4.5631099063869,0.70710678118655,-0.70710678118655,-0.59782914145895,0.80162355106524,991.4,-1.0333333333332,3.8,100,997.3,0.3573385452654,-4.0843982621762
"2025-11-24 09:00:00",95,990.36666666667,3.5666666666667,-1.4880006099603,-4.5631099063869,0.70710678118655,-0.70710678118655,-0.59782914145895,0.80162355106524,991.4,-1.0333333333332,3.8,100,997.3,0.3573385452654,-4.0843982621762
"2025-11-24 10:00:00",94.166666666667,989.88333333333,4.0833333333333,-0.96343583935005,-3.5624754723658,0.5,-0.86602540378444,-0.59782914145895,0.80162355106524,990.86666666667,-0.98333333333346,4.3,100,996.5,-0.59715978268522,-4.8634761430425
"2025-11-24 10:00:00",94.166666666667,989.88333333333,4.0833333333333,-0.96343583935005,-3.5624754723658,0.5,-0.86602540378444,-0.59782914145895,0.80162355106524,990.86666666667,-0.98333333333346,4.3,100,996.5,-0.59715978268522,-4.8634761430425
"2025-11-24 11:00:00",92.833333333333,989.48333333333,3.2166666666667,-2.7904673547922,-6.7028242487832,0.25881904510252,-0.96592582628907,-0.59782914145895,0.80162355106524,990.68333333333,-1.2000000000002,4.4,100,996.1,-1.1612250988784,-4.6574194861248
"2025-11-24 11:00:00",92.833333333333,989.48333333333,3.2166666666667,-2.7904673547922,-6.7028242487832,0.25881904510252,-0.96592582628907,-0.59782914145895,0.80162355106524,990.68333333333,-1.2000000000002,4.4,100,996.1,-1.1612250988784,-4.6574194861248
"2025-11-24 12:00:00",91.333333333333,989.11666666667,4.0833333333333,-2.8849975027484,-4.3233297743097,1.2246467991474E-16,-1,-0.59782914145895,0.80162355106524,990.36666666667,-1.2500000000001,4.6,100,995.8,-0.95506497716812,-5.4164426415671
"2025-11-24 12:00:00",91.333333333333,989.11666666667,4.0833333333333,-2.8849975027484,-4.3233297743097,1.2246467991474E-16,-1,-0.59782914145895,0.80162355106524,990.36666666667,-1.2500000000001,4.6,100,995.8,-0.95506497716812,-5.4164426415671
"2025-11-24 13:00:00",88.333333333333,988.73333333333,5.0833333333333,-2.0402601861106,-4.1364878862928,-0.25881904510252,-0.96592582628907,-0.59782914145895,0.80162355106524,989.88333333333,-1.1499999999999,5.4,100,994.9,-3.2915974128378,-4.5304951684997
"2025-11-24 13:00:00",88.333333333333,988.73333333333,5.0833333333333,-2.0402601861106,-4.1364878862928,-0.25881904510252,-0.96592582628907,-0.59782914145895,0.80162355106524,989.88333333333,-1.1499999999999,5.4,100,994.9,-3.2915974128378,-4.5304951684997
"2025-11-24 14:00:00",86.5,988.51666666667,5.1166666666667,-1.9278534030317,-4.5869999795621,-0.5,-0.86602540378444,-0.59782914145895,0.80162355106524,989.48333333333,-0.96666666666647,5.5,95,995,-2.3293916720445,-6.0682727722318
"2025-11-24 14:00:00",86.5,988.51666666667,5.1166666666667,-1.9278534030317,-4.5869999795621,-0.5,-0.86602540378444,-0.59782914145895,0.80162355106524,989.48333333333,-0.96666666666647,5.5,95,995,-2.3293916720445,-6.0682727722318
"2025-11-24 15:00:00",85.166666666667,988.3,6.3833333333333,-0.069797122818061,-2.4046030500435,-0.70710678118655,-0.70710678118655,-0.59782914145895,0.80162355106524,989.11666666667,-0.81666666666661,5.5,97,994.8,-0.98351237138958,-3.6705181398985
"2025-11-24 15:00:00",85.166666666667,988.3,6.3833333333333,-0.069797122818061,-2.4046030500435,-0.70710678118655,-0.70710678118655,-0.59782914145895,0.80162355106524,989.11666666667,-0.81666666666661,5.5,97,994.8,-0.98351237138958,-3.6705181398985
"2025-11-24 16:00:00",85.333333333333,988.18333333333,6.2333333333333,1.5900494735294,-3.7582497090055,-0.86602540378444,-0.5,-0.59782914145895,0.80162355106524,988.73333333333,-0.55000000000007,6.2,91,994.2,-1.9351869275446,-5.0413343030849
"2025-11-24 16:00:00",85.333333333333,988.18333333333,6.2333333333333,1.5900494735294,-3.7582497090055,-0.86602540378444,-0.5,-0.59782914145895,0.80162355106524,988.73333333333,-0.55000000000007,6.2,91,994.2,-1.9351869275446,-5.0413343030849
"2025-11-24 17:00:00",86.5,988.25,5.5,2.2585948964626,-2.7132717792403,-0.96592582628907,-0.25881904510252,-0.59782914145895,0.80162355106524,988.51666666667,-0.26666666666665,5.9,93,994.6,-1.205887806743,-5.6732560842561
"2025-11-24 17:00:00",86.5,988.25,5.5,2.2585948964626,-2.7132717792403,-0.96592582628907,-0.25881904510252,-0.59782914145895,0.80162355106524,988.51666666667,-0.26666666666665,5.9,93,994.6,-1.205887806743,-5.6732560842561
"2025-11-24 18:00:00",87.666666666667,988.25,4.85,2.6435575687797,-4.2609805304816,-1,-1.836970198721E-16,-0.59782914145895,0.80162355106524,988.3,-0.050000000000068,5.6,92,994.9,-0.41853884246475,-5.9853843015589
"2025-11-24 18:00:00",87.666666666667,988.25,4.85,2.6435575687797,-4.2609805304816,-1,-1.836970198721E-16,-0.59782914145895,0.80162355106524,988.3,-0.050000000000068,5.6,92,994.9,-0.41853884246475,-5.9853843015589
"2025-11-24 19:00:00",88.666666666667,988.35,4.1833333333333,3.052166440475,-3.5923661871274,-0.96592582628907,0.25881904510252,-0.59782914145895,0.80162355106524,988.18333333333,0.16666666666652,5.4,91,994.9,0.9897946127015,-5.6134041921696
"2025-11-24 19:00:00",88.666666666667,988.35,4.1833333333333,3.052166440475,-3.5923661871274,-0.96592582628907,0.25881904510252,-0.59782914145895,0.80162355106524,988.18333333333,0.16666666666652,5.4,91,994.9,0.9897946127015,-5.6134041921696
"2025-11-24 20:00:00",90,988.75,5.2666666666667,1.4852079976008,-2.93053922893,-0.86602540378444,0.5,-0.59782914145895,0.80162355106524,988.25,0.49999999999989,5,96,995.1,0.98978463911301,-4.287228285055
"2025-11-24 20:00:00",90,988.75,5.2666666666667,1.4852079976008,-2.93053922893,-0.86602540378444,0.5,-0.59782914145895,0.80162355106524,988.25,0.49999999999989,5,96,995.1,0.98978463911301,-4.287228285055
"2025-11-24 21:00:00",92.5,988.96666666667,5.6,-0.10364477099444,-2.06336720721,-0.70710678118655,0.70710678118655,-0.59782914145895,0.80162355106524,988.25,0.7166666666667,5,95,995.5,-3.2854994382459,-5.2578981961698
"2025-11-24 21:00:00",92.5,988.96666666667,5.6,-0.10364477099444,-2.06336720721,-0.70710678118655,0.70710678118655,-0.59782914145895,0.80162355106524,988.25,0.7166666666667,5,95,995.5,-3.2854994382459,-5.2578981961698
"2025-11-24 22:00:00",94.666666666667,989.3,5.2666666666667,-1.0152250476528,-0.41308164737946,-0.5,0.86602540378444,-0.59782914145895,0.80162355106524,988.35,0.95000000000016,4.7,98,995.6,-0.7466871639678,-4.2346733379525
"2025-11-24 22:00:00",94.666666666667,989.3,5.2666666666667,-1.0152250476528,-0.41308164737946,-0.5,0.86602540378444,-0.59782914145895,0.80162355106524,988.35,0.95000000000016,4.7,98,995.6,-0.7466871639678,-4.2346733379525
"2025-11-24 23:00:00",95.166666666667,989.71666666667,5.4,-0.34425848524224,-0.17540845943532,-0.25881904510252,0.96592582628907,-0.59782914145895,0.80162355106524,988.75,0.9666666666667,4.5,100,996.1,-1.1826142334995,-3.0808154074408
"2025-11-24 23:00:00",95.166666666667,989.71666666667,5.4,-0.34425848524224,-0.17540845943532,-0.25881904510252,0.96592582628907,-0.59782914145895,0.80162355106524,988.75,0.9666666666667,4.5,100,996.1,-1.1826142334995,-3.0808154074408
"2025-11-25 00:00:00",95.666666666667,990.13333333333,5.4,-0.59933255096412,-0.46636269166331,0,1,-0.5839514998577,0.81178854747646,988.96666666667,1.1666666666666,4.5,97,996.6,-2.948275200515,-0.95795268256234
"2025-11-25 00:00:00",95.666666666667,990.13333333333,5.4,-0.59933255096412,-0.46636269166331,0,1,-0.5839514998577,0.81178854747646,988.96666666667,1.1666666666666,4.5,97,996.6,-2.948275200515,-0.95795268256234
"2025-11-25 01:00:00",96,990.38333333333,5.3833333333333,-0.15225757627377,-0.067789440512633,0.25881904510252,0.96592582628907,-0.5839514998577,0.81178854747646,989.3,1.0833333333331,4.6,100,997.1,-2.5206671515424,-0.96759346377231
"2025-11-25 01:00:00",96,990.38333333333,5.3833333333333,-0.15225757627377,-0.067789440512633,0.25881904510252,0.96592582628907,-0.5839514998577,0.81178854747646,989.3,1.0833333333331,4.6,100,997.1,-2.5206671515424,-0.96759346377231
"2025-11-25 02:00:00",95.5,990.9,5.2,-0.0400692442526,0.3812333932245,0.5,0.86602540378444,-0.5839514998577,0.81178854747646,989.71666666667,1.1833333333334,4.3,100,997.6,-2.3287097430624,0.5806125494392
"2025-11-25 02:00:00",95.5,990.9,5.2,-0.0400692442526,0.3812333932245,0.5,0.86602540378444,-0.5839514998577,0.81178854747646,989.71666666667,1.1833333333334,4.3,100,997.6,-2.3287097430624,0.5806125494392
"2025-11-25 03:00:00",93.5,991.65,4.6666666666667,-0.49922070598241,-0.48086831802741,0.70710678118655,0.70710678118655,-0.5839514998577,0.81178854747646,990.13333333333,1.5166666666667,4.2,97,998.4,-2.948275200515,0.95795268256234
"2025-11-25 03:00:00",93.5,991.65,4.6666666666667,-0.49922070598241,-0.48086831802741,0.70710678118655,0.70710678118655,-0.5839514998577,0.81178854747646,990.13333333333,1.5166666666667,4.2,97,998.4,-2.948275200515,0.95795268256234
"2025-11-25 04:00:00",94,992.18333333333,4.25,-0.7590922284516,-0.37590091481721,0.86602540378444,0.5,-0.5839514998577,0.81178854747646,990.38333333333,1.8000000000001,4.2,100,999,-3.1085838458279,2.5172815641994
"2025-11-25 04:00:00",94,992.18333333333,4.25,-0.7590922284516,-0.37590091481721,0.86602540378444,0.5,-0.5839514998577,0.81178854747646,990.38333333333,1.8000000000001,4.2,100,999,-3.1085838458279,2.5172815641994
"2025-11-25 05:00:00",93.166666666667,993.16666666667,4.4833333333333,-0.53950047309467,-0.57839286952927,0.96592582628907,0.25881904510252,-0.5839514998577,0.81178854747646,990.9,2.2666666666665,4.2,98,1000.1,-3.67695526217,3.67695526217
"2025-11-25 05:00:00",93.166666666667,993.16666666667,4.4833333333333,-0.53950047309467,-0.57839286952927,0.96592582628907,0.25881904510252,-0.5839514998577,0.81178854747646,990.9,2.2666666666665,4.2,98,1000.1,-3.67695526217,3.67695526217
"2025-11-25 06:00:00",93.166666666667,993.61666666667,4.3166666666667,-1.6078677866456,-0.10920680433791,1,6.1232339957368E-17,-0.5839514998577,0.81178854747646,991.65,1.9666666666667,3.9,95,1000.7,-2.7,4.676537180436
"2025-11-25 06:00:00",93.166666666667,993.61666666667,4.3166666666667,-1.6078677866456,-0.10920680433791,1,6.1232339957368E-17,-0.5839514998577,0.81178854747646,991.65,1.9666666666667,3.9,95,1000.7,-2.7,4.676537180436
"2025-11-25 07:00:00",92.666666666667,994.53333333333,3.8833333333333,-1.7620322273382,0.8498066609735,0.96592582628907,-0.25881904510252,-0.5839514998577,0.81178854747646,992.18333333333,2.35,3.6,99,1001,-3.6802183349737,4.0872965401257
"2025-11-25 07:00:00",92.666666666667,994.53333333333,3.8833333333333,-1.7620322273382,0.8498066609735,0.96592582628907,-0.25881904510252,-0.5839514998577,0.81178854747646,992.18333333333,2.35,3.6,99,1001,-3.6802183349737,4.0872965401257
"2025-11-25 08:00:00",93.333333333333,995.43333333333,4.5333333333333,-1.0080599203677,0.69412704269133,0.86602540378444,-0.5,-0.5839514998577,0.81178854747646,993.16666666667,2.2666666666667,3.2,100,1002.4,-1.9,3.2908965343809
"2025-11-25 08:00:00",93.333333333333,995.43333333333,4.5333333333333,-1.0080599203677,0.69412704269133,0.86602540378444,-0.5,-0.5839514998577,0.81178854747646,993.16666666667,2.2666666666667,3.2,100,1002.4,-1.9,3.2908965343809
"2025-11-25 09:00:00",93.666666666667,996.51666666667,4.5,-1.0313562921556,0.074257974670707,0.70710678118655,-0.70710678118655,-0.5839514998577,0.81178854747646,993.61666666667,2.8999999999999,3.3,100,1003.3,-1.7192169653528,4.0502213551907
"2025-11-25 09:00:00",93.666666666667,996.51666666667,4.5,-1.0313562921556,0.074257974670707,0.70710678118655,-0.70710678118655,-0.5839514998577,0.81178854747646,993.61666666667,2.8999999999999,3.3,100,1003.3,-1.7192169653528,4.0502213551907
"2025-11-25 10:00:00",92.666666666667,997.66666666667,4.8666666666667,0.1938703532655,-0.32082193688967,0.5,-0.86602540378444,-0.5839514998577,0.81178854747646,994.53333333333,3.1333333333333,4,100,1003.9,-0.59844433412828,4.2581526955888
"2025-11-25 10:00:00",92.666666666667,997.66666666667,4.8666666666667,0.1938703532655,-0.32082193688967,0.5,-0.86602540378444,-0.5839514998577,0.81178854747646,994.53333333333,3.1333333333333,4,100,1003.9,-0.59844433412828,4.2581526955888
"2025-11-25 11:00:00",89.333333333333,998.7,5.2833333333333,0.41458483514936,0.73537658268105,0.25881904510252,-0.96592582628907,-0.5839514998577,0.81178854747646,995.43333333333,3.2666666666667,4.2,93,1005.2,-0.79328667547238,5.644527991827
"2025-11-25 11:00:00",89.333333333333,998.7,5.2833333333333,0.41458483514936,0.73537658268105,0.25881904510252,-0.96592582628907,-0.5839514998577,0.81178854747646,995.43333333333,3.2666666666667,4.2,93,1005.2,-0.79328667547238,5.644527991827
"2025-11-25 12:00:00",88,999.05,5.1666666666667,0.084628294396176,0.93597824698489,1.2246467991474E-16,-1,-0.5839514998577,0.81178854747646,996.51666666667,2.5333333333335,4.6,86,1005.8,-0.2024170808745,5.7964667967108
"2025-11-25 12:00:00",88,999.05,5.1666666666667,0.084628294396176,0.93597824698489,1.2246467991474E-16,-1,-0.5839514998577,0.81178854747646,996.51666666667,2.5333333333335,4.6,86,1005.8,-0.2024170808745,5.7964667967108
"2025-11-25 13:00:00",87.5,999.68333333333,5.4666666666667,0.6768401101965,1.1973155114322,-0.25881904510252,-0.96592582628907,-0.5839514998577,0.81178854747646,997.66666666667,2.0166666666667,5.1,84,1006.2,-1.7096280130134,7.4052124923678
"2025-11-25 13:00:00",87.5,999.68333333333,5.4666666666667,0.6768401101965,1.1973155114322,-0.25881904510252,-0.96592582628907,-0.5839514998577,0.81178854747646,997.66666666667,2.0166666666667,5.1,84,1006.2,-1.7096280130134,7.4052124923678
"2025-11-25 14:00:00",86.833333333333,1000.3,5.2,0.49630866576767,0.24466747306816,-0.5,-0.86602540378444,-0.5839514998577,0.81178854747646,998.7,1.6000000000001,5.3,81,1006.4,-1.6009200192968,7.5317365256503
"2025-11-25 14:00:00",86.833333333333,1000.3,5.2,0.49630866576767,0.24466747306816,-0.5,-0.86602540378444,-0.5839514998577,0.81178854747646,998.7,1.6000000000001,5.3,81,1006.4,-1.6009200192968,7.5317365256503
"2025-11-25 15:00:00",89.666666666667,1001,4.9666666666667,-0.2174657952986,-0.3800461857983,-0.70710678118655,-0.70710678118655,-0.5839514998577,0.81178854747646,999.05,1.9499999999999,5.1,83,1007.4,-2.1487498194172,6.2404225989555
"2025-11-25 15:00:00",89.666666666667,1001,4.9666666666667,-0.2174657952986,-0.3800461857983,-0.70710678118655,-0.70710678118655,-0.5839514998577,0.81178854747646,999.05,1.9499999999999,5.1,83,1007.4,-2.1487498194172,6.2404225989555
"2025-11-25 16:00:00",91.666666666667,1001.8166666667,4.9833333333333,0.050368185942668,-0.36097662877738,-0.86602540378444,-0.5,-0.5839514998577,0.81178854747646,999.68333333333,2.1333333333334,4.5,88,1008.4,-0.61671793327916,5.8676791826728
"2025-11-25 16:00:00",91.666666666667,1001.8166666667,4.9833333333333,0.050368185942668,-0.36097662877738,-0.86602540378444,-0.5,-0.5839514998577,0.81178854747646,999.68333333333,2.1333333333334,4.5,88,1008.4,-0.61671793327916,5.8676791826728
"2025-11-25 17:00:00",89.5,1002.9666666667,4.6166666666667,0.28804016209259,0.35841489548531,-0.96592582628907,-0.25881904510252,-0.5839514998577,0.81178854747646,1000.3,2.6666666666666,4,90,1009.6,-0.95506497716812,5.4164426415671
"2025-11-25 17:00:00",89.5,1002.9666666667,4.6166666666667,0.28804016209259,0.35841489548531,-0.96592582628907,-0.25881904510252,-0.5839514998577,0.81178854747646,1000.3,2.6666666666666,4,90,1009.6,-0.95506497716812,5.4164426415671
"2025-11-25 18:00:00",89.833333333333,1004.0666666667,4.6666666666667,0.040069244252601,-0.0020999401088286,-1,-1.836970198721E-16,-0.5839514998577,0.81178854747646,1001,3.0666666666667,3.9,94,1010.6,-1.3497063260632,5.8462203887114
"2025-11-25 18:00:00",89.833333333333,1004.0666666667,4.6666666666667,0.040069244252601,-0.0020999401088286,-1,-1.836970198721E-16,-0.5839514998577,0.81178854747646,1001,3.0666666666667,3.9,94,1010.6,-1.3497063260632,5.8462203887114
"2025-11-25 19:00:00",89.333333333333,1004.95,3.9333333333333,-1.3668951724841,-0.51958926686332,-0.96592582628907,0.25881904510252,-0.5839514998577,0.81178854747646,1001.8166666667,3.1333333333334,4.2,93,1011.2,-1.9004160806978,6.2159809137597
"2025-11-25 19:00:00",89.333333333333,1004.95,3.9333333333333,-1.3668951724841,-0.51958926686332,-0.96592582628907,0.25881904510252,-0.5839514998577,0.81178854747646,1001.8166666667,3.1333333333334,4.2,93,1011.2,-1.9004160806978,6.2159809137597
"2025-11-25 20:00:00",89.5,1005.65,4.7166666666667,-0.29447085919157,-0.8286643372952,-0.86602540378444,0.5,-0.5839514998577,0.81178854747646,1002.9666666667,2.6833333333333,3.8,89,1012.5,-2.1205248886191,5.8260942488726
"2025-11-25 20:00:00",89.5,1005.65,4.7166666666667,-0.29447085919157,-0.8286643372952,-0.86602540378444,0.5,-0.5839514998577,0.81178854747646,1002.9666666667,2.6833333333333,3.8,89,1012.5,-2.1205248886191,5.8260942488726
"2025-11-25 21:00:00",90,1006.35,4.5666666666667,0.23061996009869,0.12262157703483,-0.70710678118655,0.70710678118655,-0.5839514998577,0.81178854747646,1004.0666666667,2.2833333333333,3.2,94,1013.3,-1.1697454825881,5.0667243368832
"2025-11-25 21:00:00",90,1006.35,4.5666666666667,0.23061996009869,0.12262157703483,-0.70710678118655,0.70710678118655,-0.5839514998577,0.81178854747646,1004.0666666667,2.2833333333333,3.2,94,1013.3,-1.1697454825881,5.0667243368832
"2025-11-25 22:00:00",89.833333333333,1006.8333333333,4.2,-0.59534405791376,0.097054797666291,-0.5,0.86602540378444,-0.5839514998577,0.81178854747646,1004.95,1.8833333333332,3.1,94,1013.9,-2.367204192661,4.8534878500155
"2025-11-25 22:00:00",89.833333333333,1006.8333333333,4.2,-0.59534405791376,0.097054797666291,-0.5,0.86602540378444,-0.5839514998577,0.81178854747646,1004.95,1.8833333333332,3.1,94,1013.9,-2.367204192661,4.8534878500155
"2025-11-25 23:00:00",90.666666666667,1007.3,4.1833333333333,-0.29321202430011,-0.090872577688915,-0.25881904510252,0.96592582628907,-0.5839514998577,0.81178854747646,1005.65,1.6499999999999,2.9,94,1014.3,-1.9351869275446,5.0413343030849
"2025-11-25 23:00:00",90.666666666667,1007.3,4.1833333333333,-0.29321202430011,-0.090872577688915,-0.25881904510252,0.96592582628907,-0.5839514998577,0.81178854747646,1005.65,1.6499999999999,2.9,94,1014.3,-1.9351869275446,5.0413343030849
"2025-11-26 00:00:00",91.166666666667,1007.9,4.1833333333333,-0.020036857148941,-0.24284804716351,0,1,-0.56990105761276,0.82171332259606,1006.35,1.5500000000001,2.4,94,1014.7,-1.6080443759751,5.2596761577967
"2025-11-26 00:00:00",91.166666666667,1007.9,4.1833333333333,-0.020036857148941,-0.24284804716351,0,1,-0.56990105761276,0.82171332259606,1006.35,1.5500000000001,2.4,94,1014.7,-1.6080443759751,5.2596761577967
"2025-11-26 01:00:00",91,1008.2166666667,4.0333333333333,-0.00082251725982034,-0.81048661582148,0.25881904510252,0.96592582628907,-0.56990105761276,0.82171332259606,1006.8333333333,1.3833333333332,3.2,94,1015,-1.7418376483176,6.9861292291872
"2025-11-26 01:00:00",91,1008.2166666667,4.0333333333333,-0.00082251725982034,-0.81048661582148,0.25881904510252,0.96592582628907,-0.56990105761276,0.82171332259606,1006.8333333333,1.3833333333332,3.2,94,1015,-1.7418376483176,6.9861292291872
"2025-11-26 02:00:00",91.166666666667,1008.6166666667,3.8333333333333,-0.22797410977615,-0.60094296013794,0.5,0.86602540378444,-0.56990105761276,0.82171332259606,1007.3,1.3166666666668,2.4,94,1016.1,-1.1639348717969,5.9879258190307
"2025-11-26 02:00:00",91.166666666667,1008.6166666667,3.8333333333333,-0.22797410977615,-0.60094296013794,0.5,0.86602540378444,-0.56990105761276,0.82171332259606,1007.3,1.3166666666668,2.4,94,1016.1,-1.1639348717969,5.9879258190307
"2025-11-26 03:00:00",92.166666666667,1009.0333333333,3.8833333333333,-0.50245000170343,-0.22370515369169,0.70710678118655,0.70710678118655,-0.56990105761276,0.82171332259606,1007.9,1.1333333333332,2,98,1016.3,-1.5759866713122,4.8503882331053
"2025-11-26 03:00:00",92.166666666667,1009.0333333333,3.8833333333333,-0.50245000170343,-0.22370515369169,0.70710678118655,0.70710678118655,-0.56990105761276,0.82171332259606,1007.9,1.1333333333332,2,98,1016.3,-1.5759866713122,4.8503882331053
"2025-11-26 05:00:00",93,1009.8,3.9833333333333,-0.30827258223836,-0.45368361756242,0.96592582628907,0.25881904510252,-0.56990105761276,0.82171332259606,1008.6166666667,1.1833333333334,2.4,98,1017,-1.4999157527179,6.0158335029112
"2025-11-26 05:00:00",93,1009.8,3.9833333333333,-0.30827258223836,-0.45368361756242,0.96592582628907,0.25881904510252,-0.56990105761276,0.82171332259606,1008.6166666667,1.1833333333334,2.4,98,1017,-1.4999157527179,6.0158335029112
"2025-11-26 06:00:00",93.5,1010.45,4,-0.21102230924411,-0.60759113709786,1,6.1232339957368E-17,-0.56990105761276,0.82171332259606,1009.0333333333,1.4166666666669,2.3,99,1017.6,-1.1905676074716,4.4432588009297
"2025-11-26 06:00:00",93.5,1010.45,4,-0.21102230924411,-0.60759113709786,1,6.1232339957368E-17,-0.56990105761276,0.82171332259606,1009.0333333333,1.4166666666669,2.3,99,1017.6,-1.1905676074716,4.4432588009297
"2025-11-26 07:00:00",94,1010.9833333333,3.7666666666667,0.17800566479165,-0.90690818339031,0.96592582628907,-0.25881904510252,-0.56990105761276,0.82171332259606,,,2.5,99,1018.3,-1.9468070645622,5.9916560526595
"2025-11-26 07:00:00",94,1010.9833333333,3.7666666666667,0.17800566479165,-0.90690818339031,0.96592582628907,-0.25881904510252,-0.56990105761276,0.82171332259606,,,2.5,99,1018.3,-1.9468070645622,5.9916560526595
"2025-11-26 08:00:00",93.166666666667,1011.6833333333,4.2666666666667,0.23318243008115,-0.18341975686588,0.86602540378444,-0.5,-0.56990105761276,0.82171332259606,1009.8,1.8833333333333,2.6,97,1019.1,-0.36970931084387,5.2870894663771
"2025-11-26 08:00:00",93.166666666667,1011.6833333333,4.2666666666667,0.23318243008115,-0.18341975686588,0.86602540378444,-0.5,-0.56990105761276,0.82171332259606,1009.8,1.8833333333333,2.6,97,1019.1,-0.36970931084387,5.2870894663771
"2025-11-26 09:00:00",91.5,1012.6666666667,4.4666666666667,0.031286893008046,-0.19753766811903,0.70710678118655,-0.70710678118655,-0.56990105761276,0.82171332259606,1010.45,2.2166666666665,2.5,98,1020.1,0.59040380406756,3.3483463602415
"2025-11-26 09:00:00",91.5,1012.6666666667,4.4666666666667,0.031286893008046,-0.19753766811903,0.70710678118655,-0.70710678118655,-0.56990105761276,0.82171332259606,1010.45,2.2166666666665,2.5,98,1020.1,0.59040380406756,3.3483463602415
"2025-11-26 10:00:00",90,1013.6,4.2166666666667,0.5375475776696,1.3310428790729,0.5,-0.86602540378444,-0.56990105761276,0.82171332259606,1010.9833333333,2.6166666666664,3.4,92,1020.2,1.3829045864577,3.1060545559848
"2025-11-26 10:00:00",90,1013.6,4.2166666666667,0.5375475776696,1.3310428790729,0.5,-0.86602540378444,-0.56990105761276,0.82171332259606,1010.9833333333,2.6166666666664,3.4,92,1020.2,1.3829045864577,3.1060545559848
"2025-11-26 11:00:00",89,1014.0333333333,5.0333333333333,0.81513341964998,1.0239763542501,0.25881904510252,-0.96592582628907,-0.56990105761276,0.82171332259606,1011.6833333333,2.3499999999999,3.6,87,1021,1.5732926592981,4.3225860556152
"2025-11-26 11:00:00",89,1014.0333333333,5.0333333333333,0.81513341964998,1.0239763542501,0.25881904510252,-0.96592582628907,-0.56990105761276,0.82171332259606,1011.6833333333,2.3499999999999,3.6,87,1021,1.5732926592981,4.3225860556152
"2025-11-26 12:00:00",87.833333333333,1014.2,5.3333333333333,0,0.16666666666667,1.2246467991474E-16,-1,-0.56990105761276,0.82171332259606,1012.6666666667,1.5333333333333,4,84,1021.5,1.3506230435033,4.7101823100978
"2025-11-26 12:00:00",87.833333333333,1014.2,5.3333333333333,0,0.16666666666667,1.2246467991474E-16,-1,-0.56990105761276,0.82171332259606,1012.6666666667,1.5333333333333,4,84,1021.5,1.3506230435033,4.7101823100978
"2025-11-26 13:00:00",83.166666666667,1014.2166666667,5.4333333333333,0.14695793241395,0.75003736330257,-0.25881904510252,-0.96592582628907,-0.56990105761276,0.82171332259606,1013.6,0.61666666666679,4.1,81,1021.5,1.7453146328868,3.1486309457018
"2025-11-26 13:00:00",83.166666666667,1014.2166666667,5.4333333333333,0.14695793241395,0.75003736330257,-0.25881904510252,-0.96592582628907,-0.56990105761276,0.82171332259606,1013.6,0.61666666666679,4.1,81,1021.5,1.7453146328868,3.1486309457018
"2025-11-26 14:00:00",79.5,1014.2666666667,5.6666666666667,0.19937001409247,0.069946433693395,-0.5,-0.86602540378444,-0.56990105761276,0.82171332259606,1014.0333333333,0.23333333333323,4.4,78,1021.2,0.97682782122318,2.3012621336311
"2025-11-26 14:00:00",79.5,1014.2666666667,5.6666666666667,0.19937001409247,0.069946433693395,-0.5,-0.86602540378444,-0.56990105761276,0.82171332259606,1014.0333333333,0.23333333333323,4.4,78,1021.2,0.97682782122318,2.3012621336311
"2025-11-26 15:00:00",79.833333333333,1014.25,5.65,-0.13382612127177,0.14862896509548,-0.70710678118655,-0.70710678118655,-0.56990105761276,0.82171332259606,1014.2,0.049999999999955,4.4,77,1021.5,0.17439118436031,2.4939101256496
"2025-11-26 15:00:00",79.833333333333,1014.25,5.65,-0.13382612127177,0.14862896509548,-0.70710678118655,-0.70710678118655,-0.56990105761276,0.82171332259606,1014.2,0.049999999999955,4.4,77,1021.5,0.17439118436031,2.4939101256496
"2025-11-26 16:00:00",84.5,1014.8666666667,5.1333333333333,-0.15958476974942,0.10289508647662,-0.86602540378444,-0.5,-0.56990105761276,0.82171332259606,1014.2166666667,0.64999999999998,4.6,77,1021.3,-0.76483358476914,3.3128582202698
"2025-11-26 16:00:00",84.5,1014.8666666667,5.1333333333333,-0.15958476974942,0.10289508647662,-0.86602540378444,-0.5,-0.56990105761276,0.82171332259606,1014.2166666667,0.64999999999998,4.6,77,1021.3,-0.76483358476914,3.3128582202698
"2025-11-26 17:00:00",90.5,1015.5,3.5333333333333,-0.36557104574032,0.020905692653531,-0.96592582628907,-0.25881904510252,-0.56990105761276,0.82171332259606,1014.2666666667,1.2333333333335,4,81,1022.5,-0.97682782122318,2.3012621336311
"2025-11-26 17:00:00",90.5,1015.5,3.5333333333333,-0.36557104574032,0.020905692653531,-0.96592582628907,-0.25881904510252,-0.56990105761276,0.82171332259606,1014.2666666667,1.2333333333335,4,81,1022.5,-0.97682782122318,2.3012621336311
"2025-11-26 18:00:00",91.666666666667,1016.0166666667,2.3,0.050522090579366,0.48068558276133,-1,-1.836970198721E-16,-0.56990105761276,0.82171332259606,1014.25,1.7666666666669,3.3,90,1022.9,-0.4067296091046,2.5679896855474
"2025-11-26 18:00:00",91.666666666667,1016.0166666667,2.3,0.050522090579366,0.48068558276133,-1,-1.836970198721E-16,-0.56990105761276,0.82171332259606,1014.25,1.7666666666669,3.3,90,1022.9,-0.4067296091046,2.5679896855474
"2025-11-26 19:00:00",95,1016.2666666667,0.71666666666667,0,0,-0.96592582628907,0.25881904510252,-0.56990105761276,0.82171332259606,1014.8666666667,1.4000000000001,1.5,95,1023.4,-4.163799117101E-16,1.7
"2025-11-26 19:00:00",95,1016.2666666667,0.71666666666667,0,0,-0.96592582628907,0.25881904510252,-0.56990105761276,0.82171332259606,1014.8666666667,1.4000000000001,1.5,95,1023.4,-4.163799117101E-16,1.7
"2025-11-26 20:00:00",96,1016.7,-0.23333333333333,0,0,-0.86602540378444,0.5,-0.56990105761276,0.82171332259606,1015.5,1.1999999999999,0.4,98,1024.3,-0.18302705977008,2.0920088659927
"2025-11-26 20:00:00",96,1016.7,-0.23333333333333,0,0,-0.86602540378444,0.5,-0.56990105761276,0.82171332259606,1015.5,1.1999999999999,0.4,98,1024.3,-0.18302705977008,2.0920088659927
"2025-11-26 21:00:00",96.333333333333,1016.9,-0.86666666666667,0,0,-0.70710678118655,0.70710678118655,-0.56990105761276,0.82171332259606,1016.0166666667,0.88333333333321,-0.2,99,1024,0.80190587176953,-0.40859144976559
"2025-11-26 21:00:00",96.333333333333,1016.9,-0.86666666666667,0,0,-0.70710678118655,0.70710678118655,-0.56990105761276,0.82171332259606,1016.0166666667,0.88333333333321,-0.2,99,1024,0.80190587176953,-0.40859144976559
"2025-11-26 22:00:00",97,1016.8166666667,-0.63333333333333,0,0,-0.5,0.86602540378444,-0.56990105761276,0.82171332259606,1016.2666666667,0.54999999999984,-0.6,100,1024.1,0.18159619989582,0.35640260967535
"2025-11-26 22:00:00",97,1016.8166666667,-0.63333333333333,0,0,-0.5,0.86602540378444,-0.56990105761276,0.82171332259606,1016.2666666667,0.54999999999984,-0.6,100,1024.1,0.18159619989582,0.35640260967535
"2025-11-26 23:00:00",97,1016.9166666667,-0.5,0.18958700513501,-0.21055770055193,-0.25881904510252,0.96592582628907,-0.56990105761276,0.82171332259606,1016.7,0.2166666666667,-0.4,99,1024.2,0.80190587176953,-0.40859144976559
"2025-11-26 23:00:00",97,1016.9166666667,-0.5,0.18958700513501,-0.21055770055193,-0.25881904510252,0.96592582628907,-0.56990105761276,0.82171332259606,1016.7,0.2166666666667,-0.4,99,1024.2,0.80190587176953,-0.40859144976559
"2025-11-27 00:00:00",96.5,1017.0166666667,-0.5,0,0,0,1,-0.55568197247605,0.83139493952341,1016.9,0.11666666666679,-0.8,99,1024.1,0.7762365810208,-0.19353751647973
"2025-11-27 00:00:00",96.5,1017.0166666667,-0.5,0,0,0,1,-0.55568197247605,0.83139493952341,1016.9,0.11666666666679,-0.8,99,1024.1,0.7762365810208,-0.19353751647973
"2025-11-27 01:00:00",96.333333333333,1016.45,-0.66666666666667,1.0297872294915,-0.80606529764903,0.25881904510252,0.96592582628907,-0.55568197247605,0.83139493952341,1016.8166666667,-0.36666666666645,-0.8,99,1023.7,1.7409789023656,-1.1743050972886
"2025-11-27 01:00:00",96.333333333333,1016.45,-0.66666666666667,1.0297872294915,-0.80606529764903,0.25881904510252,0.96592582628907,-0.55568197247605,0.83139493952341,1016.8166666667,-0.36666666666645,-0.8,99,1023.7,1.7409789023656,-1.1743050972886
"2025-11-27 02:00:00",96,1016.3,0.05,0.27424137786507,-0.15833333333333,0.5,0.86602540378444,-0.55568197247605,0.83139493952341,1016.9166666667,-0.61666666666656,-0.3,99,1023.7,0.7778174593052,-0.7778174593052
"2025-11-27 02:00:00",96,1016.3,0.05,0.27424137786507,-0.15833333333333,0.5,0.86602540378444,-0.55568197247605,0.83139493952341,1016.9166666667,-0.61666666666656,-0.3,99,1023.7,0.7778174593052,-0.7778174593052
"2025-11-27 03:00:00",96,1016.0833333333,0.41666666666667,0.14862896509548,-0.13382612127177,0.70710678118655,0.70710678118655,-0.55568197247605,0.83139493952341,1017.0166666667,-0.93333333333339,-0.7,100,1023.8,1.358477244401,-1.1809062521829
"2025-11-27 03:00:00",96,1016.0833333333,0.41666666666667,0.14862896509548,-0.13382612127177,0.70710678118655,0.70710678118655,-0.55568197247605,0.83139493952341,1017.0166666667,-0.93333333333339,-0.7,100,1023.8,1.358477244401,-1.1809062521829
"2025-11-27 04:00:00",96,1015.8333333333,0.51666666666667,1.2911044918707,-1.3575954789297,0.86602540378444,0.5,-0.55568197247605,0.83139493952341,1016.45,-0.61666666666679,0.7,94,1023.5,0.998779099427,-1.9602143532144
"2025-11-27 04:00:00",96,1015.8333333333,0.51666666666667,1.2911044918707,-1.3575954789297,0.86602540378444,0.5,-0.55568197247605,0.83139493952341,1016.45,-0.61666666666679,0.7,94,1023.5,0.998779099427,-1.9602143532144
"2025-11-27 05:00:00",96,1015.7,-0.066666666666667,1.8017565015461,-2.0048176366334,0.96592582628907,0.25881904510252,-0.55568197247605,0.83139493952341,1016.3,-0.59999999999991,0.3,97,1023.4,0.96759346377231,-2.5206671515424
"2025-11-27 05:00:00",96,1015.7,-0.066666666666667,1.8017565015461,-2.0048176366334,0.96592582628907,0.25881904510252,-0.55568197247605,0.83139493952341,1016.3,-0.59999999999991,0.3,97,1023.4,0.96759346377231,-2.5206671515424
"2025-11-27 06:00:00",96.166666666667,1015.3333333333,1.1666666666667,1.3339704223755,-0.63936770768393,1,6.1232339957368E-17,-0.55568197247605,0.83139493952341,1016.0833333333,-0.75,0.6,99,1023.7,3.0616169978684E-16,-2.5
"2025-11-27 06:00:00",96.166666666667,1015.3333333333,1.1666666666667,1.3339704223755,-0.63936770768393,1,6.1232339957368E-17,-0.55568197247605,0.83139493952341,1016.0833333333,-0.75,0.6,99,1023.7,3.0616169978684E-16,-2.5
"2025-11-27 07:00:00",96,1015.5166666667,-0.28333333333333,3.064841325319,-2.9887484579525,0.96592582628907,-0.25881904510252,-0.55568197247605,0.83139493952341,1015.8333333333,-0.31666666666661,1.2,99,1022.9,0.21624506860679,-3.0924485558055
"2025-11-27 07:00:00",96,1015.5166666667,-0.28333333333333,3.064841325319,-2.9887484579525,0.96592582628907,-0.25881904510252,-0.55568197247605,0.83139493952341,1015.8333333333,-0.31666666666661,1.2,99,1022.9,0.21624506860679,-3.0924485558055
"2025-11-27 08:00:00",96.666666666667,1015.6666666667,-0.36666666666667,1.4100636443208,-3.140091845532,0.86602540378444,-0.5,-0.55568197247605,0.83139493952341,1015.7,-0.03333333333353,0.9,100,1023.6,0.59040380406756,-3.3483463602415
"2025-11-27 08:00:00",96.666666666667,1015.6666666667,-0.36666666666667,1.4100636443208,-3.140091845532,0.86602540378444,-0.5,-0.55568197247605,0.83139493952341,1015.7,-0.03333333333353,0.9,100,1023.6,0.59040380406756,-3.3483463602415
"2025-11-27 09:00:00",96.333333333333,1015.7833333333,-0.78333333333333,2.4988605912464,-3.5753957051219,0.70710678118655,-0.70710678118655,-0.55568197247605,0.83139493952341,1015.3333333333,0.45000000000005,0.6,100,1023.1,0.95404497688272,-4.9081359172383
"2025-11-27 09:00:00",96.333333333333,1015.7833333333,-0.78333333333333,2.4988605912464,-3.5753957051219,0.70710678118655,-0.70710678118655,-0.55568197247605,0.83139493952341,1015.3333333333,0.45000000000005,0.6,100,1023.1,0.95404497688272,-4.9081359172383
"2025-11-27 10:00:00",95.166666666667,1015.75,-0.96666666666667,2.856722255707,-5.4916093105548,0.5,-0.86602540378444,-0.55568197247605,0.83139493952341,1015.5166666667,0.23333333333323,1.1,100,1023.4,1.205887806743,-5.6732560842561
"2025-11-27 10:00:00",95.166666666667,1015.75,-0.96666666666667,2.856722255707,-5.4916093105548,0.5,-0.86602540378444,-0.55568197247605,0.83139493952341,1015.5166666667,0.23333333333323,1.1,100,1023.4,1.205887806743,-5.6732560842561
"2025-11-27 11:00:00",94.666666666667,1015.8166666667,-0.033333333333333,3.290684206501,-4.5402687217009,0.25881904510252,-0.96592582628907,-0.55568197247605,0.83139493952341,1015.6666666667,0.14999999999998,1.2,100,1023.7,1.5529142706151,-5.7955549577344
"2025-11-27 11:00:00",94.666666666667,1015.8166666667,-0.033333333333333,3.290684206501,-4.5402687217009,0.25881904510252,-0.96592582628907,-0.55568197247605,0.83139493952341,1015.6666666667,0.14999999999998,1.2,100,1023.7,1.5529142706151,-5.7955549577344
"2025-11-27 12:00:00",95,1015.35,0.46666666666667,0.68544838393911,-4.6301315984532,1.2246467991474E-16,-1,-0.55568197247605,0.83139493952341,1015.7833333333,-0.43333333333351,1.9,99,1023.2,0.95506497716812,-5.4164426415671
"2025-11-27 12:00:00",95,1015.35,0.46666666666667,0.68544838393911,-4.6301315984532,1.2246467991474E-16,-1,-0.55568197247605,0.83139493952341,1015.7833333333,-0.43333333333351,1.9,99,1023.2,0.95506497716812,-5.4164426415671
"2025-11-27 13:00:00",95.166666666667,1014.7666666667,0.78333333333333,1.8949007316786,-4.666110647392,-0.25881904510252,-0.96592582628907,-0.55568197247605,0.83139493952341,1015.75,-0.98333333333323,3,98,1022.8,1.1981724259018,-6.7951734957842
"2025-11-27 13:00:00",95.166666666667,1014.7666666667,0.78333333333333,1.8949007316786,-4.666110647392,-0.25881904510252,-0.96592582628907,-0.55568197247605,0.83139493952341,1015.75,-0.98333333333323,3,98,1022.8,1.1981724259018,-6.7951734957842
"2025-11-27 14:00:00",95.166666666667,1014.4,1.1666666666667,-0.48597512553217,-4.8370834965884,-0.5,-0.86602540378444,-0.55568197247605,0.83139493952341,1015.8166666667,-1.4166666666666,2.7,99,1022.5,0.20241708087451,-5.7964667967108
"2025-11-27 14:00:00",95.166666666667,1014.4,1.1666666666667,-0.48597512553217,-4.8370834965884,-0.5,-0.86602540378444,-0.55568197247605,0.83139493952341,1015.8166666667,-1.4166666666666,2.7,99,1022.5,0.20241708087451,-5.7964667967108
"2025-11-27 15:00:00",95.833333333333,1014.3833333333,1.5166666666667,1.5715053242133,-3.3830131978138,-0.70710678118655,-0.70710678118655,-0.55568197247605,0.83139493952341,1015.35,-0.9666666666667,2.6,99,1022.3,7.1029514350546E-16,-5.8
"2025-11-27 15:00:00",95.833333333333,1014.3833333333,1.5166666666667,1.5715053242133,-3.3830131978138,-0.70710678118655,-0.70710678118655,-0.55568197247605,0.83139493952341,1015.35,-0.9666666666667,2.6,99,1022.3,7.1029514350546E-16,-5.8
"2025-11-27 16:00:00",96,1014.3833333333,1.5833333333333,2.2742311881886,-3.0956416154594,-0.86602540378444,-0.5,-0.55568197247605,0.83139493952341,1014.7666666667,-0.38333333333355,3,99,1022.3,0.59581224062563,-5.6687748035992
"2025-11-27 16:00:00",96,1014.3833333333,1.5833333333333,2.2742311881886,-3.0956416154594,-0.86602540378444,-0.5,-0.55568197247605,0.83139493952341,1014.7666666667,-0.38333333333355,3,99,1022.3,0.59581224062563,-5.6687748035992
"2025-11-27 17:00:00",96,1014.3833333333,2.5666666666667,1.3785186843706,-3.819241546037,-0.96592582628907,-0.25881904510252,-0.55568197247605,0.83139493952341,1014.4,-0.016666666666765,3,100,1022.2,0.57278591400419,-4.6649669127142
"2025-11-27 17:00:00",96,1014.3833333333,2.5666666666667,1.3785186843706,-3.819241546037,-0.96592582628907,-0.25881904510252,-0.55568197247605,0.83139493952341,1014.4,-0.016666666666765,3,100,1022.2,0.57278591400419,-4.6649669127142
"2025-11-27 18:00:00",96.666666666667,1014.5,2.5333333333333,1.7251877885173,-3.307807524912,-1,-1.836970198721E-16,-0.55568197247605,0.83139493952341,1014.3833333333,0.11666666666679,3.2,100,1022.3,0.98978463911301,-4.287228285055
"2025-11-27 18:00:00",96.666666666667,1014.5,2.5333333333333,1.7251877885173,-3.307807524912,-1,-1.836970198721E-16,-0.55568197247605,0.83139493952341,1014.3833333333,0.11666666666679,3.2,100,1022.3,0.98978463911301,-4.287228285055
"2025-11-27 19:00:00",97,1014.7833333333,3.3666666666667,1.6142540970754,-3.597107154096,-0.96592582628907,0.25881904510252,-0.55568197247605,0.83139493952341,1014.3833333333,0.4000000000002,3.6,100,1022,1.1388037984511,-4.2500736356719
"2025-11-27 19:00:00",97,1014.7833333333,3.3666666666667,1.6142540970754,-3.597107154096,-0.96592582628907,0.25881904510252,-0.55568197247605,0.83139493952341,1014.3833333333,0.4000000000002,3.6,100,1022,1.1388037984511,-4.2500736356719
"2025-11-27 20:00:00",97,1014.7333333333,3.1333333333333,1.8458606898035,-3.4657140083431,-0.86602540378444,0.5,-0.55568197247605,0.83139493952341,1014.3833333333,0.35000000000002,3.5,100,1022.3,0.98978463911301,-4.287228285055
"2025-11-27 20:00:00",97,1014.7333333333,3.1333333333333,1.8458606898035,-3.4657140083431,-0.86602540378444,0.5,-0.55568197247605,0.83139493952341,1014.3833333333,0.35000000000002,3.5,100,1022.3,0.98978463911301,-4.287228285055
"2025-11-27 21:00:00",97,1014.6166666667,2.8166666666667,1.4169479010682,-3.8101901492053,-0.70710678118655,0.70710678118655,-0.55568197247605,0.83139493952341,1014.5,0.11666666666679,3.6,100,1022.7,1.3506230435033,-4.7101823100978
"2025-11-27 21:00:00",97,1014.6166666667,2.8166666666667,1.4169479010682,-3.8101901492053,-0.70710678118655,0.70710678118655,-0.55568197247605,0.83139493952341,1014.5,0.11666666666679,3.6,100,1022.7,1.3506230435033,-4.7101823100978
"2025-11-27 22:00:00",97,1014.3666666667,3.1,0.97440204044268,-4.1975649644455,-0.5,0.86602540378444,-0.55568197247605,0.83139493952341,1014.7833333333,-0.41666666666674,3.9,100,1022.5,0.95639377776169,-4.4994789633755
"2025-11-27 22:00:00",97,1014.3666666667,3.1,0.97440204044268,-4.1975649644455,-0.5,0.86602540378444,-0.55568197247605,0.83139493952341,1014.7833333333,-0.41666666666674,3.9,100,1022.5,0.95639377776169,-4.4994789633755
"2025-11-27 23:00:00",97,1014.35,3.25,1.4382478629843,-2.5305239055863,-0.25881904510252,0.96592582628907,-0.55568197247605,0.83139493952341,1014.7333333333,-0.38333333333321,3.8,100,1022.3,5.0210518765041E-16,-4.1
"2025-11-27 23:00:00",97,1014.35,3.25,1.4382478629843,-2.5305239055863,-0.25881904510252,0.96592582628907,-0.55568197247605,0.83139493952341,1014.7333333333,-0.38333333333321,3.8,100,1022.3,5.0210518765041E-16,-4.1
"2025-11-28 00:00:00",96.333333333333,1014.2,3.6166666666667,1.1908121831413,-3.6345209117812,0,1,-0.54129845210362,0.84083053331229,1014.6166666667,-0.41666666666686,3.9,100,1022.1,0.38675531409032,-3.6797310128626
"2025-11-28 00:00:00",96.333333333333,1014.2,3.6166666666667,1.1908121831413,-3.6345209117812,0,1,-0.54129845210362,0.84083053331229,1014.6166666667,-0.41666666666686,3.9,100,1022.1,0.38675531409032,-3.6797310128626
"2025-11-28 01:00:00",96.666666666667,1013.6,4.4166666666667,1.4628910286902,-2.7398755149373,0.25881904510252,0.96592582628907,-0.54129845210362,0.84083053331229,1014.3666666667,-0.76666666666677,3.9,100,1021.6,0.40216883323699,-3.2754023004164
"2025-11-28 01:00:00",96.666666666667,1013.6,4.4166666666667,1.4628910286902,-2.7398755149373,0.25881904510252,0.96592582628907,-0.54129845210362,0.84083053331229,1014.3666666667,-0.76666666666677,3.9,100,1021.6,0.40216883323699,-3.2754023004164
"2025-11-28 02:00:00",97,1013.3,3.9666666666667,1.7853297496111,-2.94663690023,0.5,0.86602540378444,-0.54129845210362,0.84083053331229,1014.35,-1.05,3.9,100,1021.1,1.9607012776629,-3.1377779557788
"2025-11-28 02:00:00",97,1013.3,3.9666666666667,1.7853297496111,-2.94663690023,0.5,0.86602540378444,-0.54129845210362,0.84083053331229,1014.35,-1.05,3.9,100,1021.1,1.9607012776629,-3.1377779557788
"2025-11-28 03:00:00",97.166666666667,1013.05,4.25,1.0646857452851,-3.0607112097365,0.70710678118655,0.70710678118655,-0.54129845210362,0.84083053331229,1014.2,-1.1500000000001,3.9,100,1020.8,1.3348294332743,-3.8766261599572
"2025-11-28 03:00:00",97.166666666667,1013.05,4.25,1.0646857452851,-3.0607112097365,0.70710678118655,0.70710678118655,-0.54129845210362,0.84083053331229,1014.2,-1.1500000000001,3.9,100,1020.8,1.3348294332743,-3.8766261599572
"2025-11-28 04:00:00",98,1012.7333333333,4.2166666666667,1.2990503804068,-3.2762028928268,0.86602540378444,0.5,-0.54129845210362,0.84083053331229,1013.6,-0.86666666666667,4.3,100,1020.7,1.3741470121969,-4.4946323530263
"2025-11-28 04:00:00",98,1012.7333333333,4.2166666666667,1.2990503804068,-3.2762028928268,0.86602540378444,0.5,-0.54129845210362,0.84083053331229,1013.6,-0.86666666666667,4.3,100,1020.7,1.3741470121969,-4.4946323530263
"2025-11-28 05:00:00",97.833333333333,1012.55,3.9833333333333,2.1615083162101,-2.9567436668154,0.96592582628907,0.25881904510252,-0.54129845210362,0.84083053331229,1013.3,-0.75,4.1,100,1020.3,0.78141679950119,-4.4316348885549
"2025-11-28 05:00:00",97.833333333333,1012.55,3.9833333333333,2.1615083162101,-2.9567436668154,0.96592582628907,0.25881904510252,-0.54129845210362,0.84083053331229,1013.3,-0.75,4.1,100,1020.3,0.78141679950119,-4.4316348885549
"2025-11-28 06:00:00",97,1012.2333333333,4.1166666666667,2.3497356310907,-3.0903207320537,1,6.1232339957368E-17,-0.54129845210362,0.84083053331229,1013.05,-0.81666666666661,4.2,100,1019.9,0.99797611592524,-4.6951084835223
"2025-11-28 06:00:00",97,1012.2333333333,4.1166666666667,2.3497356310907,-3.0903207320537,1,6.1232339957368E-17,-0.54129845210362,0.84083053331229,1013.05,-0.81666666666661,4.2,100,1019.9,0.99797611592524,-4.6951084835223
"2025-11-28 07:00:00",97,1012.1666666667,3.7666666666667,2.6447918585199,-3.840547487709,0.96592582628907,-0.25881904510252,-0.54129845210362,0.84083053331229,1012.7333333333,-0.56666666666661,4.6,100,1019.4,1.1905676074716,-4.4432588009297
"2025-11-28 07:00:00",97,1012.1666666667,3.7666666666667,2.6447918585199,-3.840547487709,0.96592582628907,-0.25881904510252,-0.54129845210362,0.84083053331229,1012.7333333333,-0.56666666666661,4.6,100,1019.4,1.1905676074716,-4.4432588009297
"2025-11-28 08:00:00",96.166666666667,1011.9166666667,4.1833333333333,3.0033233956401,-2.8839194401149,0.86602540378444,-0.5,-0.54129845210362,0.84083053331229,1012.55,-0.63333333333344,4.7,100,1019.6,1.5732926592981,-4.3225860556152
"2025-11-28 08:00:00",96.166666666667,1011.9166666667,4.1833333333333,3.0033233956401,-2.8839194401149,0.86602540378444,-0.5,-0.54129845210362,0.84083053331229,1012.55,-0.63333333333344,4.7,100,1019.6,1.5732926592981,-4.3225860556152
"2025-11-28 09:00:00",96.666666666667,1011.85,4.5666666666667,2.783248068191,-2.3086470225882,0.70710678118655,-0.70710678118655,-0.54129845210362,0.84083053331229,1012.2333333333,-0.38333333333321,4.8,99,1019,1.3506230435033,-4.7101823100978
"2025-11-28 09:00:00",96.666666666667,1011.85,4.5666666666667,2.783248068191,-2.3086470225882,0.70710678118655,-0.70710678118655,-0.54129845210362,0.84083053331229,1012.2333333333,-0.38333333333321,4.8,99,1019,1.3506230435033,-4.7101823100978
"2025-11-28 10:00:00",96.833333333333,1011.7333333333,4.05,2.9111640078308,-3.1269109264812,0.5,-0.86602540378444,-0.54129845210362,0.84083053331229,1012.1666666667,-0.43333333333339,4.7,100,1018.8,1.9017821778331,-4.0783850416649
"2025-11-28 10:00:00",96.833333333333,1011.7333333333,4.05,2.9111640078308,-3.1269109264812,0.5,-0.86602540378444,-0.54129845210362,0.84083053331229,1012.1666666667,-0.43333333333339,4.7,100,1018.8,1.9017821778331,-4.0783850416649
"2025-11-28 11:00:00",96.666666666667,1011.3666666667,4.7,2.9743420052064,-4.0301711394404,0.25881904510252,-0.96592582628907,-0.54129845210362,0.84083053331229,1011.9166666667,-0.54999999999995,4.9,100,1018.5,2.1918557339454,-4.4939702314958
"2025-11-28 11:00:00",96.666666666667,1011.3666666667,4.7,2.9743420052064,-4.0301711394404,0.25881904510252,-0.96592582628907,-0.54129845210362,0.84083053331229,1011.9166666667,-0.54999999999995,4.9,100,1018.5,2.1918557339454,-4.4939702314958
"2025-11-28 12:00:00",97,1010.65,4.9833333333333,2.6122386816428,-3.4165111860787,1.2246467991474E-16,-1,-0.54129845210362,0.84083053331229,1011.85,-1.1999999999999,5.2,100,1018.1,1.7785047452935,-4.8864016280867
"2025-11-28 12:00:00",97,1010.65,4.9833333333333,2.6122386816428,-3.4165111860787,1.2246467991474E-16,-1,-0.54129845210362,0.84083053331229,1011.85,-1.1999999999999,5.2,100,1018.1,1.7785047452935,-4.8864016280867
"2025-11-28 13:00:00",97,1009.8166666667,5.05,1.0954967456693,-4.2993931374108,-0.25881904510252,-0.96592582628907,-0.54129845210362,0.84083053331229,1011.7333333333,-1.9166666666665,5.9,100,1017.3,1.3458590345331,-5.0228142967032
"2025-11-28 13:00:00",97,1009.8166666667,5.05,1.0954967456693,-4.2993931374108,-0.25881904510252,-0.96592582628907,-0.54129845210362,0.84083053331229,1011.7333333333,-1.9166666666665,5.9,100,1017.3,1.3458590345331,-5.0228142967032
"2025-11-28 14:00:00",97,1009.1333333333,5.1666666666667,2.1572708717422,-4.1185635777726,-0.5,-0.86602540378444,-0.54129845210362,0.84083053331229,1011.3666666667,-2.2333333333333,6.1,100,1016.6,1.1612250988784,-4.6574194861248
"2025-11-28 14:00:00",97,1009.1333333333,5.1666666666667,2.1572708717422,-4.1185635777726,-0.5,-0.86602540378444,-0.54129845210362,0.84083053331229,1011.3666666667,-2.2333333333333,6.1,100,1016.6,1.1612250988784,-4.6574194861248
"2025-11-28 15:00:00",96.5,1008.9833333333,6.4666666666667,1.7781055769897,-2.2932068574799,-0.70710678118655,-0.70710678118655,-0.54129845210362,0.84083053331229,1010.65,-1.6666666666666,6.1,100,1015.7,1.9351869275446,-5.0413343030849
"2025-11-28 15:00:00",96.5,1008.9833333333,6.4666666666667,1.7781055769897,-2.2932068574799,-0.70710678118655,-0.70710678118655,-0.54129845210362,0.84083053331229,1010.65,-1.6666666666666,6.1,100,1015.7,1.9351869275446,-5.0413343030849
"2025-11-28 16:00:00",96.666666666667,1008.6333333333,6,3.0104320442248,-2.7550021840966,-0.86602540378444,-0.5,-0.54129845210362,0.84083053331229,1009.8166666667,-1.1833333333335,6.3,100,1015,2.7400452270067,-4.0622841055197
"2025-11-28 16:00:00",96.666666666667,1008.6333333333,6,3.0104320442248,-2.7550021840966,-0.86602540378444,-0.5,-0.54129845210362,0.84083053331229,1009.8166666667,-1.1833333333335,6.3,100,1015,2.7400452270067,-4.0622841055197
"2025-11-28 17:00:00",97,1008.75,6.9333333333333,1.7130552826097,-2.2880652615659,-0.96592582628907,-0.25881904510252,-0.54129845210362,0.84083053331229,1009.1333333333,-0.38333333333333,6.5,100,1015.8,0.57880752064885,-3.654446860202
"2025-11-28 17:00:00",97,1008.75,6.9333333333333,1.7130552826097,-2.2880652615659,-0.96592582628907,-0.25881904510252,-0.54129845210362,0.84083053331229,1009.1333333333,-0.38333333333333,6.5,100,1015.8,0.57880752064885,-3.654446860202
"2025-11-28 18:00:00",97,1009,7.6833333333333,0.74296642806552,-0.67707773805001,-1,-1.836970198721E-16,-0.54129845210362,0.84083053331229,1008.9833333333,0.016666666666538,6.7,100,1015.8,4.2862637970157E-16,-3.5
"2025-11-28 18:00:00",97,1009,7.6833333333333,0.74296642806552,-0.67707773805001,-1,-1.836970198721E-16,-0.54129845210362,0.84083053331229,1008.9833333333,0.016666666666538,6.7,100,1015.8,4.2862637970157E-16,-3.5
"2025-11-28 19:00:00",97,1009.0833333333,8.1,1.0000867771321,-0.54136789430629,-0.96592582628907,0.25881904510252,-0.54129845210362,0.84083053331229,1008.6333333333,0.45000000000016,7.3,100,1016.1,0.21457742059607,-4.0943810924938
"2025-11-28 19:00:00",97,1009.0833333333,8.1,1.0000867771321,-0.54136789430629,-0.96592582628907,0.25881904510252,-0.54129845210362,0.84083053331229,1008.6333333333,0.45000000000016,7.3,100,1016.1,0.21457742059607,-4.0943810924938
"2025-11-28 20:00:00",97.166666666667,1008.8833333333,8.0333333333333,0.90137100478454,-0.64241359012982,-0.86602540378444,0.5,-0.54129845210362,0.84083053331229,1008.75,0.13333333333333,7.1,100,1016.4,-0.58487274129405,-2.5333621684416
"2025-11-28 20:00:00",97.166666666667,1008.8833333333,8.0333333333333,0.90137100478454,-0.64241359012982,-0.86602540378444,0.5,-0.54129845210362,0.84083053331229,1008.75,0.13333333333333,7.1,100,1016.4,-0.58487274129405,-2.5333621684416
"2025-11-28 21:00:00",98,1008.9333333333,8.3333333333333,-0.15621876644439,-0.4546759317047,-0.70710678118655,0.70710678118655,-0.54129845210362,0.84083053331229,1009,-0.06666666666672,6.8,100,1016,1.7677669529664,-1.7677669529664
"2025-11-28 21:00:00",98,1008.9333333333,8.3333333333333,-0.15621876644439,-0.4546759317047,-0.70710678118655,0.70710678118655,-0.54129845210362,0.84083053331229,1009,-0.06666666666672,6.8,100,1016,1.7677669529664,-1.7677669529664
"2025-11-28 22:00:00",97.333333333333,1008.8166666667,8.2,-0.24743414954217,-0.38274754893978,-0.5,0.86602540378444,-0.54129845210362,0.84083053331229,1009.0833333333,-0.26666666666677,7.1,100,1015.8,1.324798160583,-2.1201202403911
"2025-11-28 22:00:00",97.333333333333,1008.8166666667,8.2,-0.24743414954217,-0.38274754893978,-0.5,0.86602540378444,-0.54129845210362,0.84083053331229,1009.0833333333,-0.26666666666677,7.1,100,1015.8,1.324798160583,-2.1201202403911
"2025-11-28 23:00:00",96.166666666667,1008.8166666667,8,-0.56651717338258,-0.7373115332285,-0.25881904510252,0.96592582628907,-0.54129845210362,0.84083053331229,1008.8833333333,-0.06666666666672,6.9,100,1016,-0.58487274129405,-2.5333621684416
"2025-11-28 23:00:00",96.166666666667,1008.8166666667,8,-0.56651717338258,-0.7373115332285,-0.25881904510252,0.96592582628907,-0.54129845210362,0.84083053331229,1008.8833333333,-0.06666666666672,6.9,100,1016,-0.58487274129405,-2.5333621684416
"2025-11-29 00:00:00",96.5,1008.3666666667,7.35,0.18958700513501,0.21055770055193,0,1,-0.52675475281055,0.8500173118187,1008.9333333333,-0.56666666666661,6.9,100,1015.6,-1.3619714992186,-2.6730195725651
"2025-11-29 00:00:00",96.5,1008.3666666667,7.35,0.18958700513501,0.21055770055193,0,1,-0.52675475281055,0.8500173118187,1008.9333333333,-0.56666666666661,6.9,100,1015.6,-1.3619714992186,-2.6730195725651
"2025-11-29 01:00:00",95.333333333333,1008.0666666667,7.6833333333333,-0.41438412307011,0.043553526361522,0.25881904510252,0.96592582628907,-0.52675475281055,0.8500173118187,1008.8166666667,-0.75,6.9,100,1015.4,-2.3187944242125,-2.4866025855052
"2025-11-29 01:00:00",95.333333333333,1008.0666666667,7.6833333333333,-0.41438412307011,0.043553526361522,0.25881904510252,0.96592582628907,-0.52675475281055,0.8500173118187,1008.8166666667,-0.75,6.9,100,1015.4,-2.3187944242125,-2.4866025855052
"2025-11-29 02:00:00",95.666666666667,1007.8,7.3333333333333,0.52505945245911,-1.1881705281849,0.5,0.86602540378444,-0.52675475281055,0.8500173118187,1008.8166666667,-1.0166666666665,6.9,100,1014.9,-1.9607012776629,-3.1377779557788
"2025-11-29 02:00:00",95.666666666667,1007.8,7.3333333333333,0.52505945245911,-1.1881705281849,0.5,0.86602540378444,-0.52675475281055,0.8500173118187,1008.8166666667,-1.0166666666665,6.9,100,1014.9,-1.9607012776629,-3.1377779557788
"2025-11-29 03:00:00",95.833333333333,1007.4666666667,7.3833333333333,0.41529767822227,-1.5874918551859,0.70710678118655,0.70710678118655,-0.52675475281055,0.8500173118187,1008.3666666667,-0.89999999999998,6.7,100,1015.1,-1.3338785589701,-3.664801221065
"2025-11-29 03:00:00",95.833333333333,1007.4666666667,7.3833333333333,0.41529767822227,-1.5874918551859,0.70710678118655,0.70710678118655,-0.52675475281055,0.8500173118187,1008.3666666667,-0.89999999999998,6.7,100,1015.1,-1.3338785589701,-3.664801221065
"2025-11-29 04:00:00",94.166666666667,1006.9166666667,6.8333333333333,0.21156472726032,-2.5296970561277,0.86602540378444,0.5,-0.52675475281055,0.8500173118187,1008.0666666667,-1.15,6.7,100,1014,1.3617982082721,-3.5476056206894
"2025-11-29 04:00:00",94.166666666667,1006.9166666667,6.8333333333333,0.21156472726032,-2.5296970561277,0.86602540378444,0.5,-0.52675475281055,0.8500173118187,1008.0666666667,-1.15,6.7,100,1014,1.3617982082721,-3.5476056206894
"2025-11-29 05:00:00",94.333333333333,1006.7666666667,6.6833333333333,1.4818134971507,-3.0338188762675,0.96592582628907,0.25881904510252,-0.52675475281055,0.8500173118187,1007.8,-1.0333333333335,6.6,100,1014,0.37476969381493,-4.2836372017945
"2025-11-29 05:00:00",94.333333333333,1006.7666666667,6.6833333333333,1.4818134971507,-3.0338188762675,0.96592582628907,0.25881904510252,-0.52675475281055,0.8500173118187,1007.8,-1.0333333333335,6.6,100,1014,0.37476969381493,-4.2836372017945
"2025-11-29 06:00:00",94,1006.3833333333,7.1833333333333,0.9663654294487,-2.1500818980923,1,6.1232339957368E-17,-0.52675475281055,0.8500173118187,1007.4666666667,-1.0833333333334,6.4,100,1013.4,0.97312587642038,-5.0062986355831
"2025-11-29 06:00:00",94,1006.3833333333,7.1833333333333,0.9663654294487,-2.1500818980923,1,6.1232339957368E-17,-0.52675475281055,0.8500173118187,1007.4666666667,-1.0833333333334,6.4,100,1013.4,0.97312587642038,-5.0062986355831
"2025-11-29 07:00:00",93.833333333333,1005.7833333333,6.5666666666667,0.063795174764902,-2.8493581632272,0.96592582628907,-0.25881904510252,-0.52675475281055,0.8500173118187,1006.9166666667,-1.1333333333333,6.6,100,1012.9,-0.40963199091399,-4.6821150810312
"2025-11-29 07:00:00",93.833333333333,1005.7833333333,6.5666666666667,0.063795174764902,-2.8493581632272,0.96592582628907,-0.25881904510252,-0.52675475281055,0.8500173118187,1006.9166666667,-1.1333333333333,6.6,100,1012.9,-0.40963199091399,-4.6821150810312
"2025-11-29 08:00:00",94.333333333333,1005.65,5.8333333333333,1.1665563035105,-3.5788775619953,0.86602540378444,-0.5,-0.52675475281055,0.8500173118187,1006.7666666667,-1.1166666666664,6.3,100,1013.4,0.17100753384226,-4.8970150523936
"2025-11-29 08:00:00",94.333333333333,1005.65,5.8333333333333,1.1665563035105,-3.5788775619953,0.86602540378444,-0.5,-0.52675475281055,0.8500173118187,1006.7666666667,-1.1166666666664,6.3,100,1013.4,0.17100753384226,-4.8970150523936
"2025-11-29 09:00:00",96.166666666667,1005.0333333333,4.6666666666667,3.4560449134172,-5.5705981363978,0.70710678118655,-0.70710678118655,-0.52675475281055,0.8500173118187,1006.3833333333,-1.35,6,100,1012.7,1.1612250988784,-4.6574194861248
"2025-11-29 09:00:00",96.166666666667,1005.0333333333,4.6666666666667,3.4560449134172,-5.5705981363978,0.70710678118655,-0.70710678118655,-0.52675475281055,0.8500173118187,1006.3833333333,-1.35,6,100,1012.7,1.1612250988784,-4.6574194861248
"2025-11-29 10:00:00",95.833333333333,1004.8,5.5666666666667,0.27109823490123,-4.8054370377888,0.5,-0.86602540378444,-0.52675475281055,0.8500173118187,1005.7833333333,-0.98333333333323,6.5,100,1011.7,1.378186779085,-4.8063084796916
"2025-11-29 10:00:00",95.833333333333,1004.8,5.5666666666667,0.27109823490123,-4.8054370377888,0.5,-0.86602540378444,-0.52675475281055,0.8500173118187,1005.7833333333,-0.98333333333323,6.5,100,1011.7,1.378186779085,-4.8063084796916
"2025-11-29 11:00:00",95.833333333333,1004.3333333333,5.8833333333333,0.12567257246141,-6.1588301573147,0.25881904510252,-0.96592582628907,-0.52675475281055,0.8500173118187,1005.65,-1.3166666666669,7.1,100,1011.1,1.4999157527179,-6.0158335029112
"2025-11-29 11:00:00",95.833333333333,1004.3333333333,5.8833333333333,0.12567257246141,-6.1588301573147,0.25881904510252,-0.96592582628907,-0.52675475281055,0.8500173118187,1005.65,-1.3166666666669,7.1,100,1011.1,1.4999157527179,-6.0158335029112
"2025-11-29 12:00:00",96.333333333333,1003.3166666667,7.0666666666667,1.4088526792722,-5.0046982578441,1.2246467991474E-16,-1,-0.52675475281055,0.8500173118187,1005.0333333333,-1.7166666666667,7.6,100,1010.3,0.95506497716812,-5.4164426415671
"2025-11-29 12:00:00",96.333333333333,1003.3166666667,7.0666666666667,1.4088526792722,-5.0046982578441,1.2246467991474E-16,-1,-0.52675475281055,0.8500173118187,1005.0333333333,-1.7166666666667,7.6,100,1010.3,0.95506497716812,-5.4164426415671
"2025-11-29 13:00:00",96.166666666667,1002.5333333333,7.8666666666667,2.0479624591033,-5.1799768000067,-0.25881904510252,-0.96592582628907,-0.52675475281055,0.8500173118187,1004.8,-2.2666666666668,8.3,100,1009.6,0.79215073213346,-6.4515499856686
"2025-11-29 13:00:00",96.166666666667,1002.5333333333,7.8666666666667,2.0479624591033,-5.1799768000067,-0.25881904510252,-0.96592582628907,-0.52675475281055,0.8500173118187,1004.8,-2.2666666666668,8.3,100,1009.6,0.79215073213346,-6.4515499856686
"2025-11-29 14:00:00",96,1001.6833333333,7.5166666666667,1.1806060820775,-6.9930705870151,-0.5,-0.86602540378444,-0.52675475281055,0.8500173118187,1004.3333333333,-2.6499999999999,8.4,100,1008.4,0.79441632083417,-7.5583664047989
"2025-11-29 14:00:00",96,1001.6833333333,7.5166666666667,1.1806060820775,-6.9930705870151,-0.5,-0.86602540378444,-0.52675475281055,0.8500173118187,1004.3333333333,-2.6499999999999,8.4,100,1008.4,0.79441632083417,-7.5583664047989
"2025-11-29 15:00:00",94.166666666667,1001.2,8.0833333333333,-2.232073856622,-5.5520090538162,-0.70710678118655,-0.70710678118655,-0.52675475281055,0.8500173118187,1003.3166666667,-2.1166666666667,8.6,100,1008,-0.39775326744637,-7.5895844641348
"2025-11-29 15:00:00",94.166666666667,1001.2,8.0833333333333,-2.232073856622,-5.5520090538162,-0.70710678118655,-0.70710678118655,-0.52675475281055,0.8500173118187,1003.3166666667,-2.1166666666667,8.6,100,1008,-0.39775326744637,-7.5895844641348
"2025-11-29 16:00:00",93.333333333333,1000.9333333333,8.3833333333333,0.6147913863854,-5.5867165706641,-0.86602540378444,-0.5,-0.52675475281055,0.8500173118187,1002.5333333333,-1.6,8.9,98,1007.4,0.98812901681646,-7.0309032880651
"2025-11-29 16:00:00",93.333333333333,1000.9333333333,8.3833333333333,0.6147913863854,-5.5867165706641,-0.86602540378444,-0.5,-0.52675475281055,0.8500173118187,1002.5333333333,-1.6,8.9,98,1007.4,0.98812901681646,-7.0309032880651
"2025-11-29 17:00:00",93,1000.6833333333,8.3,3.2904284730484,-6.8441037163809,-0.96592582628907,-0.25881904510252,-0.52675475281055,0.8500173118187,1001.6833333333,-0.99999999999989,8.8,99,1007.7,-0.35588450245202,-6.7906808363311
"2025-11-29 17:00:00",93,1000.6833333333,8.3,3.2904284730484,-6.8441037163809,-0.96592582628907,-0.25881904510252,-0.52675475281055,0.8500173118187,1001.6833333333,-0.99999999999989,8.8,99,1007.7,-0.35588450245202,-6.7906808363311
"2025-11-29 18:00:00",93.166666666667,1000.4666666667,7.9833333333333,1.7678859865052,-5.3469800362948,-1,-1.836970198721E-16,-0.52675475281055,0.8500173118187,1001.2,-0.73333333333323,8.9,98,1007,0.40822045869496,-7.7893103710857
"2025-11-29 18:00:00",93.166666666667,1000.4666666667,7.9833333333333,1.7678859865052,-5.3469800362948,-1,-1.836970198721E-16,-0.52675475281055,0.8500173118187,1001.2,-0.73333333333323,8.9,98,1007,0.40822045869496,-7.7893103710857
"2025-11-29 19:00:00",94.333333333333,1000.2666666667,8.1,1.7446311783146,-5.9393168120885,-0.96592582628907,0.25881904510252,-0.52675475281055,0.8500173118187,1000.9333333333,-0.66666666666674,9.2,96,1006.6,0.99932861592221,-8.1388784434588
"2025-11-29 19:00:00",94.333333333333,1000.2666666667,8.1,1.7446311783146,-5.9393168120885,-0.96592582628907,0.25881904510252,-0.52675475281055,0.8500173118187,1000.9333333333,-0.66666666666674,9.2,96,1006.6,0.99932861592221,-8.1388784434588
"2025-11-29 20:00:00",95.166666666667,1000.1,7.7166666666667,2.9080634081539,-6.3379464300552,-0.86602540378444,0.5,-0.52675475281055,0.8500173118187,1000.6833333333,-0.58333333333348,9,98,1006.5,0.13612877021081,-7.7988120222199
"2025-11-29 20:00:00",95.166666666667,1000.1,7.7166666666667,2.9080634081539,-6.3379464300552,-0.86602540378444,0.5,-0.52675475281055,0.8500173118187,1000.6833333333,-0.58333333333348,9,98,1006.5,0.13612877021081,-7.7988120222199
"2025-11-29 21:00:00",94.666666666667,1000.0666666667,8.6166666666667,-0.98887895314729,-4.5232513711478,-0.70710678118655,0.70710678118655,-0.52675475281055,0.8500173118187,1000.4666666667,-0.39999999999998,9.2,97,1006.4,-1.5385465120514,-7.2382922454302
"2025-11-29 21:00:00",94.666666666667,1000.0666666667,8.6166666666667,-0.98887895314729,-4.5232513711478,-0.70710678118655,0.70710678118655,-0.52675475281055,0.8500173118187,1000.4666666667,-0.39999999999998,9.2,97,1006.4,-1.5385465120514,-7.2382922454302
"2025-11-29 22:00:00",93.666666666667,1000.2333333333,8.55,-2.2050084895074,-4.3096100152781,-0.5,0.86602540378444,-0.52675475281055,0.8500173118187,1000.2666666667,-0.033333333333076,9.5,97,1006.4,-2.9219314286441,-7.2320340656209
"2025-11-29 22:00:00",93.666666666667,1000.2333333333,8.55,-2.2050084895074,-4.3096100152781,-0.5,0.86602540378444,-0.52675475281055,0.8500173118187,1000.2666666667,-0.033333333333076,9.5,97,1006.4,-2.9219314286441,-7.2320340656209
"2025-11-29 23:00:00",93.166666666667,1001.0333333333,7.9,-0.24491052178853,0.33709041432289,-0.25881904510252,0.96592582628907,-0.52675475281055,0.8500173118187,1000.1,0.93333333333351,8.9,99,1007.1,-4.8183049610332,-3.901786424509
"2025-11-29 23:00:00",93.166666666667,1001.0333333333,7.9,-0.24491052178853,0.33709041432289,-0.25881904510252,0.96592582628907,-0.52675475281055,0.8500173118187,1000.1,0.93333333333351,8.9,99,1007.1,-4.8183049610332,-3.901786424509
"2025-11-30 00:00:00",96.5,1001.6333333333,7.4666666666667,0,0,0,1,-0.51205517831146,0.85895255652708,1000.0666666667,1.5666666666666,8.3,92,1007.7,-2.6870057685089,-2.6870057685089
"2025-11-30 00:00:00",96.5,1001.6333333333,7.4666666666667,0,0,0,1,-0.51205517831146,0.85895255652708,1000.0666666667,1.5666666666666,8.3,92,1007.7,-2.6870057685089,-2.6870057685089
"2025-11-30 01:00:00",96.5,1001.75,7.4,0,0,0.25881904510252,0.96592582628907,-0.51205517831146,0.85895255652708,1000.2333333333,1.5166666666665,7.3,92,1008.1,-2.338268590218,-1.35
"2025-11-30 01:00:00",96.5,1001.75,7.4,0,0,0.25881904510252,0.96592582628907,-0.51205517831146,0.85895255652708,1000.2333333333,1.5166666666665,7.3,92,1008.1,-2.338268590218,-1.35
"2025-11-30 02:00:00",96.166666666667,1002.1,7.5666666666667,0.040069244252601,-0.3812333932245,0.5,0.86602540378444,-0.51205517831146,0.85895255652708,1001.0333333333,1.0666666666665,6.6,94,1008.7,0.57063390977709,-0.18541019662497
"2025-11-30 02:00:00",96.166666666667,1002.1,7.5666666666667,0.040069244252601,-0.3812333932245,0.5,0.86602540378444,-0.51205517831146,0.85895255652708,1001.0333333333,1.0666666666665,6.6,94,1008.7,0.57063390977709,-0.18541019662497
"2025-11-30 03:00:00",94.833333333333,1002.4666666667,7.2833333333333,-0.97998473871425,-0.43138187055186,0.70710678118655,0.70710678118655,-0.51205517831146,0.85895255652708,1001.6333333333,0.83333333333337,5.8,96,1009.2,-1.7538661166134,-0.40491189781896
"2025-11-30 03:00:00",94.833333333333,1002.4666666667,7.2833333333333,-0.97998473871425,-0.43138187055186,0.70710678118655,0.70710678118655,-0.51205517831146,0.85895255652708,1001.6333333333,0.83333333333337,5.8,96,1009.2,-1.7538661166134,-0.40491189781896
"2025-11-30 04:00:00",94,1002.75,6.8666666666667,-1.0996233044815,-0.24764956932309,0.86602540378444,0.5,-0.51205517831146,0.85895255652708,1001.75,1,6.1,98,1009.3,-3.5189091102921,-1.1433628791873
"2025-11-30 04:00:00",94,1002.75,6.8666666666667,-1.0996233044815,-0.24764956932309,0.86602540378444,0.5,-0.51205517831146,0.85895255652708,1001.75,1,6.1,98,1009.3,-3.5189091102921,-1.1433628791873
"2025-11-30 05:00:00",94.666666666667,1003.1166666667,6.2,-0.82140063102954,-0.46472611702277,0.96592582628907,0.25881904510252,-0.51205517831146,0.85895255652708,1002.1,1.0166666666668,6.1,97,1009.2,-3.155805694678,-0.96482662558503
"2025-11-30 05:00:00",94.666666666667,1003.1166666667,6.2,-0.82140063102954,-0.46472611702277,0.96592582628907,0.25881904510252,-0.51205517831146,0.85895255652708,1002.1,1.0166666666668,6.1,97,1009.2,-3.155805694678,-0.96482662558503
"2025-11-30 06:00:00",95,1003.6833333333,6.2166666666667,-1.2341504245692,-0.35720649441204,1,6.1232339957368E-17,-0.51205517831146,0.85895255652708,1002.4666666667,1.2166666666666,6,98,1010.1,-2.9137270564345,-1.5492561571934
"2025-11-30 06:00:00",95,1003.6833333333,6.2166666666667,-1.2341504245692,-0.35720649441204,1,6.1232339957368E-17,-0.51205517831146,0.85895255652708,1002.4666666667,1.2166666666666,6,98,1010.1,-2.9137270564345,-1.5492561571934
"2025-11-30 07:00:00",95.166666666667,1004.0833333333,6.2666666666667,-0.68668629631466,-0.92111064487193,0.96592582628907,-0.25881904510252,-0.51205517831146,0.85895255652708,1002.75,1.3333333333334,5.7,100,1010.7,-2.7580376376235,-2.1548151636398
"2025-11-30 07:00:00",95.166666666667,1004.0833333333,6.2666666666667,-0.68668629631466,-0.92111064487193,0.96592582628907,-0.25881904510252,-0.51205517831146,0.85895255652708,1002.75,1.3333333333334,5.7,100,1010.7,-2.7580376376235,-2.1548151636398
"2025-11-30 08:00:00",93.833333333333,1004.8333333333,5.5166666666667,-2.5556528658684,-0.65959931912428,0.86602540378444,-0.5,-0.51205517831146,0.85895255652708,1003.1166666667,1.7166666666667,5.6,99,1011,-2.5216344115415,-1.9701167210421
"2025-11-30 08:00:00",93.833333333333,1004.8333333333,5.5166666666667,-2.5556528658684,-0.65959931912428,0.86602540378444,-0.5,-0.51205517831146,0.85895255652708,1003.1166666667,1.7166666666667,5.6,99,1011,-2.5216344115415,-1.9701167210421
"2025-11-30 09:00:00",93.833333333333,1005.55,5.7,-2.3620990757745,0.15959545953072,0.70710678118655,-0.70710678118655,-0.51205517831146,0.85895255652708,1003.6833333333,1.8666666666668,5.4,99,1012.3,-3.155805694678,-0.96482662558503
"2025-11-30 09:00:00",93.833333333333,1005.55,5.7,-2.3620990757745,0.15959545953072,0.70710678118655,-0.70710678118655,-0.51205517831146,0.85895255652708,1003.6833333333,1.8666666666668,5.4,99,1012.3,-3.155805694678,-0.96482662558503
"2025-11-30 10:00:00",94.166666666667,1006.3,5.9166666666667,-1.5623385464026,0.56246988957092,0.5,-0.86602540378444,-0.51205517831146,0.85895255652708,1004.0833333333,2.2166666666667,5.4,99,1012.6,-2.7,-4.9598195365468E-16
"2025-11-30 10:00:00",94.166666666667,1006.3,5.9166666666667,-1.5623385464026,0.56246988957092,0.5,-0.86602540378444,-0.51205517831146,0.85895255652708,1004.0833333333,2.2166666666667,5.4,99,1012.6,-2.7,-4.9598195365468E-16
"2025-11-30 11:00:00",90,1006.75,5.9166666666667,-1.2103466735857,0.01424816877257,0.25881904510252,-0.96592582628907,-0.51205517831146,0.85895255652708,1004.8333333333,1.9166666666665,5.3,99,1013,-1.9470860945903,-0.78667384617342
"2025-11-30 11:00:00",90,1006.75,5.9166666666667,-1.2103466735857,0.01424816877257,0.25881904510252,-0.96592582628907,-0.51205517831146,0.85895255652708,1004.8333333333,1.9166666666665,5.3,99,1013,-1.9470860945903,-0.78667384617342
"2025-11-30 12:00:00",87.5,1007,5.5333333333333,-2.0841483308789,-0.20940359911456,1.2246467991474E-16,-1,-0.51205517831146,0.85895255652708,1005.55,1.4499999999999,5.9,89,1013.6,-3.0768930700881,-0.37779496455596
"2025-11-30 12:00:00",87.5,1007,5.5333333333333,-2.0841483308789,-0.20940359911456,1.2246467991474E-16,-1,-0.51205517831146,0.85895255652708,1005.55,1.4499999999999,5.9,89,1013.6,-3.0768930700881,-0.37779496455596
"2025-11-30 13:00:00",82.666666666667,1007.3,4.7,-6.1815583533382,-1.6716903184304,-0.25881904510252,-0.96592582628907,-0.51205517831146,0.85895255652708,1006.3,1,6.3,79,1014.1,-3.8786353919363,-0.40766100674385
"2025-11-30 13:00:00",82.666666666667,1007.3,4.7,-6.1815583533382,-1.6716903184304,-0.25881904510252,-0.96592582628907,-0.51205517831146,0.85895255652708,1006.3,1,6.3,79,1014.1,-3.8786353919363,-0.40766100674385
"2025-11-30 14:00:00",76.166666666667,1007.6833333333,5.4666666666667,-3.6550178604589,0.13621165480611,-0.5,-0.86602540378444,-0.51205517831146,0.85895255652708,1006.75,0.93333333333339,5.9,77,1014.2,-4.0372991229409,1.1576768944314
"2025-11-30 14:00:00",76.166666666667,1007.6833333333,5.4666666666667,-3.6550178604589,0.13621165480611,-0.5,-0.86602540378444,-0.51205517831146,0.85895255652708,1006.75,0.93333333333339,5.9,77,1014.2,-4.0372991229409,1.1576768944314
"2025-11-30 15:00:00",74.166666666667,1008.5333333333,4.8,-4.9101770431114,-0.17996798045332,-0.70710678118655,-0.70710678118655,-0.51205517831146,0.85895255652708,1007,1.5333333333333,5.8,75,1014.9,-3.9282454678632,1.7489675652259
"2025-11-30 15:00:00",74.166666666667,1008.5333333333,4.8,-4.9101770431114,-0.17996798045332,-0.70710678118655,-0.70710678118655,-0.51205517831146,0.85895255652708,1007,1.5333333333333,5.8,75,1014.9,-3.9282454678632,1.7489675652259
"2025-11-30 16:00:00",82.5,1009.5666666667,3.8666666666667,-1.5840521219433,0.046515649431922,-0.86602540378444,-0.5,-0.51205517831146,0.85895255652708,1007.3,2.2666666666665,5.4,73,1016.2,-3.3128582202698,0.76483358476914
"2025-11-30 16:00:00",82.5,1009.5666666667,3.8666666666667,-1.5840521219433,0.046515649431922,-0.86602540378444,-0.5,-0.51205517831146,0.85895255652708,1007.3,2.2666666666665,5.4,73,1016.2,-3.3128582202698,0.76483358476914
"2025-11-30 17:00:00",92.833333333333,1010.1,1.6833333333333,0.083333333333333,0.14433756729741,-0.96592582628907,-0.25881904510252,-0.51205517831146,0.85895255652708,1007.6833333333,2.4166666666666,4.1,76,1016.8,-3.5189091102921,1.1433628791873
"2025-11-30 17:00:00",92.833333333333,1010.1,1.6833333333333,0.083333333333333,0.14433756729741,-0.96592582628907,-0.25881904510252,-0.51205517831146,0.85895255652708,1007.6833333333,2.4166666666666,4.1,76,1016.8,-3.5189091102921,1.1433628791873
"2025-11-30 18:00:00",95.166666666667,1010.6,0.51666666666667,-0.018601726331767,-0.26601708006929,-1,-1.836970198721E-16,-0.51205517831146,0.85895255652708,1008.5333333333,2.0666666666666,3,83,1017.2,-2.7,-4.9598195365468E-16
"2025-11-30 18:00:00",95.166666666667,1010.6,0.51666666666667,-0.018601726331767,-0.26601708006929,-1,-1.836970198721E-16,-0.51205517831146,0.85895255652708,1008.5333333333,2.0666666666666,3,83,1017.2,-2.7,-4.9598195365468E-16
"2025-11-30 19:00:00",96.166666666667,1011.15,-0.31666666666667,0.16575364922805,-0.017421410544609,-0.96592582628907,0.25881904510252,-0.51205517831146,0.85895255652708,1009.5666666667,1.5833333333334,2,87,1018.1,-3.2954774646901,-0.17270865560172
"2025-11-30 19:00:00",96.166666666667,1011.15,-0.31666666666667,0.16575364922805,-0.017421410544609,-0.96592582628907,0.25881904510252,-0.51205517831146,0.85895255652708,1009.5666666667,1.5833333333334,2,87,1018.1,-3.2954774646901,-0.17270865560172
"2025-11-30 20:00:00",96.833333333333,1011.7333333333,-0.8,0,0,-0.86602540378444,0.5,-0.51205517831146,0.85895255652708,1010.1,1.6333333333333,1.6,89,1018.5,-1.5880738426261,-0.19499094944824
"2025-11-30 20:00:00",96.833333333333,1011.7333333333,-0.8,0,0,-0.86602540378444,0.5,-0.51205517831146,0.85895255652708,1010.1,1.6333333333333,1.6,89,1018.5,-1.5880738426261,-0.19499094944824
"2025-11-30 21:00:00",97,1012.2833333333,-0.98333333333333,0,0,-0.70710678118655,0.70710678118655,-0.51205517831146,0.85895255652708,1010.6,1.6833333333334,1.2,91,1019.2,-0.8,-1.3856406460551
"2025-11-30 21:00:00",97,1012.2833333333,-0.98333333333333,0,0,-0.70710678118655,0.70710678118655,-0.51205517831146,0.85895255652708,1010.6,1.6833333333334,1.2,91,1019.2,-0.8,-1.3856406460551
"2025-11-30 22:00:00",97,1012.6333333333,-1.2833333333333,0,0,-0.5,0.86602540378444,-0.51205517831146,0.85895255652708,1011.15,1.4833333333333,-0.2,95,1019.5,1.7357363695209,-0.77279962184402
"2025-11-30 22:00:00",97,1012.6333333333,-1.2833333333333,0,0,-0.5,0.86602540378444,-0.51205517831146,0.85895255652708,1011.15,1.4833333333333,-0.2,95,1019.5,1.7357363695209,-0.77279962184402
"2025-11-30 23:00:00",97,1013.0166666667,-1.4833333333333,0,0,-0.25881904510252,0.96592582628907,-0.51205517831146,0.85895255652708,1011.7333333333,1.2833333333335,-0,95,1019.9,1.1490666646785,-0.96418141452981
"2025-11-30 23:00:00",97,1013.0166666667,-1.4833333333333,0,0,-0.25881904510252,0.96592582628907,-0.51205517831146,0.85895255652708,1011.7333333333,1.2833333333335,-0,95,1019.9,1.1490666646785,-0.96418141452981
"2026-01-01 00:00:00",96.833333333333,1014.25,0.033333333333333,-0.32245486799526,-0.57941390716923,0,1,0.017201575418261,0.99985204195577,,,-0.6,97,1022.3,-2.7615145603573,-1.1721933854678
"2026-01-01 01:00:00",95.833333333333,1013.2333333333,0.41666666666667,-0.82654597056519,-0.59820224212437,0.25881904510252,0.96592582628907,0.017201575418261,0.99985204195577,,,0.1,97,1021.1,-2.5441442884693,-1.5897577926996
"2026-01-01 02:00:00",95,1012.45,0.13333333333333,-0.77205581726712,-1.1649343565,0.5,0.86602540378444,0.017201575418261,0.99985204195577,,,-0.1,98,1020.5,-2.5216344115415,-1.9701167210421
"2026-01-01 03:00:00",95,1011.7833333333,0.36666666666667,-0.52645900882916,-0.50891588259094,0.70710678118655,0.70710678118655,0.017201575418261,0.99985204195577,1014.25,-2.4666666666666,-0.2,98,1020.1,-1.5492561571934,-2.9137270564345
"2026-01-01 04:00:00",94.333333333333,1011.0333333333,0.43333333333333,-0.16575364922805,0.017421410544609,0.86602540378444,0.5,0.017201575418261,0.99985204195577,1013.2333333333,-2.1999999999999,-0.1,98,1019.3,-2.3187944242125,-2.4866025855052
"2026-01-01 05:00:00",94,1010.25,0.58333333333333,-0.11321175054197,-0.55500294167131,0.96592582628907,0.25881904510252,0.017201575418261,0.99985204195577,1012.45,-2.1999999999999,-0.3,98,1018.5,-3.1085838458279,-2.5172815641994
"2026-01-01 06:00:00",92.833333333333,1009,-0.6,-1.6650061557759,-2.2360921558135,1,6.1232339957368E-17,0.017201575418261,0.99985204195577,1011.7833333333,-2.7833333333333,-0.3,99,1017.2,-2.5172815641994,-3.1085838458279
"2026-01-01 07:00:00",92.666666666667,1007.8333333333,-1.2166666666667,-2.1734566732725,-2.2911488978308,0.96592582628907,-0.25881904510252,0.017201575418261,0.99985204195577,1011.0333333333,-3.1999999999999,0.2,97,1015.5,-2.8866597275582,-3.3207221529802
"2026-01-01 08:00:00",91.666666666667,1007.0833333333,-1.75,-1.804138287171,-4.1320022991697,0.86602540378444,-0.5,0.017201575418261,0.99985204195577,1010.25,-3.1666666666666,0,98,1014.9,-3.9133139992317,-2.948893613445
"2026-01-01 09:00:00",91.333333333333,1006.45,-2.4,-3.5986573684473,-3.37431042073,0.70710678118655,-0.70710678118655,0.017201575418261,0.99985204195577,1009,-2.5500000000001,0,98,1014.1,-3.5427187565487,-4.075431733203
"2026-01-01 10:00:00",93.833333333333,1006.05,-1.3166666666667,-3.0951162132245,-1.8454065250302,0.5,-0.86602540378444,0.017201575418261,0.99985204195577,1007.8333333333,-1.7833333333333,0.4,92,1013.1,-4.0984843857081,-4.244104821998
"2026-01-01 11:00:00",95.333333333333,1005.5833333333,-2.6166666666667,-3.4284738125801,-2.5884490438447,0.25881904510252,-0.96592582628907,0.017201575418261,0.99985204195577,1007.0833333333,-1.5,0.2,92,1013.2,-4.2426406871193,-4.2426406871193
"2026-01-01 12:00:00",94.666666666667,1004.5,-2.5666666666667,-3.6155124415842,-3.379404944684,1.2246467991474E-16,-1,0.017201575418261,0.99985204195577,1006.45,-1.9499999999999,0.4,93,1012.1,-4.0495619410252,-4.8260799916496
"2026-01-01 13:00:00",94,1003,-2.85,-3.8526168125314,-3.6529500967691,-0.25881904510252,-0.96592582628907,0.017201575418261,0.99985204195577,1006.05,-3.0500000000001,0.6,93,1010.8,-4.91038819245,-5.265746651658
"2026-01-01 14:00:00",93.333333333333,1002.35,-0.88333333333333,-1.6575415000991,-3.6454612597183,-0.5,-0.86602540378444,0.017201575418261,0.99985204195577,1005.5833333333,-3.2333333333333,0.8,95,1009.9,-3.3456530317943,-3.715724127387
"2026-01-01 15:00:00",92.833333333333,1001.5166666667,0.41666666666667,-1.5939369477577,-1.567274765258,-0.70710678118655,-0.70710678118655,0.017201575418261,0.99985204195577,1004.5,-2.9833333333335,1.1,96,1009.2,-3.3456530317943,-3.715724127387
"2026-01-01 16:00:00",93,1000.9333333333,-1.1666666666667,-3.1177155967608,-3.9749262886935,-0.86602540378444,-0.5,0.017201575418261,0.99985204195577,1003,-2.0666666666666,1.1,95,1008.4,-4.244104821998,-4.0984843857081
"2026-01-01 17:00:00",94.333333333333,1000.5333333333,-1.25,-2.0624499443861,-2.7169983367047,-0.96592582628907,-0.25881904510252,0.017201575418261,0.99985204195577,1002.35,-1.8166666666667,1,98,1008,-3.4794791530661,-3.8643530924825
"2026-01-01 18:00:00",95,1000.1166666667,-0.76666666666667,-2.7492168703467,-2.0778299688649,-1,-1.836970198721E-16,0.017201575418261,0.99985204195577,1001.5166666667,-1.3999999999999,0.8,98,1007.6,-3.8643530924825,-3.4794791530661
"2026-01-01 19:00:00",95.166666666667,999.91666666667,-0.7,-3.1892020331769,-1.7761688795484,-0.96592582628907,0.25881904510252,0.017201575418261,0.99985204195577,1000.9333333333,-1.0166666666668,0.7,99,1006.9,-2.6958092508499,-3.8500146081583
"2026-01-01 20:00:00",95.666666666667,999.56666666667,-0.066666666666667,-2.103790940262,-1.7155938877997,-0.86602540378444,0.5,0.017201575418261,0.99985204195577,1000.5333333333,-0.9666666666667,0.7,98,1007,-3.7511552004786,-3.8844349218287
"2026-01-01 21:00:00",94.166666666667,999.43333333333,-0.8,-6.4101375503224,-1.6505879753941,-0.70710678118655,0.70710678118655,0.017201575418261,0.99985204195577,1000.1166666667,-0.68333333333328,0.8,100,1006.5,-3.1112698372208,-3.1112698372208
"2026-01-01 22:00:00",93.666666666667,999.03333333333,-0.45,-5.1553807406902,-2.2916317756725,-0.5,0.86602540378444,0.017201575418261,0.99985204195577,999.91666666667,-0.88333333333344,1.1,98,1006,-4.6796222421523,-2.4881992827652
"2026-01-01 23:00:00",93.333333333333,998.75,-0.56666666666667,-5.9022061525299,-1.19925415503,-0.25881904510252,0.96592582628907,0.017201575418261,0.99985204195577,999.56666666667,-0.81666666666649,1.4,99,1005.7,-4.8864016280867,-1.7785047452935
"2026-01-02 00:00:00",94.833333333333,998.61666666667,0.05,-5.4821597769048,-1.1616706638432,0,1,0.034398060613608,0.99940821160626,999.43333333333,-0.81666666666695,1.6,99,1005.5,-5.6639818373841,-2.52176718707
"2026-01-02 01:00:00",94.5,998.1,-1.1833333333333,-6.9442170144516,-1.6301918476348,0.25881904510252,0.96592582628907,0.034398060613608,0.99940821160626,999.03333333333,-0.93333333333317,1.5,99,1005.5,-4.885853614002,-2.9357170269873
"2026-01-02 02:00:00",91.5,997.96666666667,-0.9,-8.1024123981578,-0.13682857831955,0.5,0.86602540378444,0.034398060613608,0.99940821160626,998.75,-0.78333333333342,1.3,98,1004.7,-6.3814377287241,-3.1124351422025
"2026-01-02 03:00:00",91,997.68333333333,-1.7666666666667,-8.0071735873563,-0.26322189554751,0.70710678118655,0.70710678118655,0.034398060613608,0.99940821160626,998.61666666667,-0.93333333333305,1.3,97,1004.6,-6.7897637673376,-2.0758391035314
"2026-01-02 04:00:00",88.666666666667,997.56666666667,-0.93333333333333,-7.8767984472445,-1.122298191491,0.86602540378444,0.5,0.034398060613608,0.99940821160626,998.1,-0.53333333333342,1.7,96,1004.7,-7.3718407658789,-0.64495249633267
"2026-01-02 05:00:00",88.5,997.21666666667,-1.4833333333333,-5.1539314347229,1.2859268414213,0.96592582628907,0.25881904510252,0.034398060613608,0.99940821160626,997.96666666667,-0.75000000000011,1.3,96,1004.5,-6.595979458326,-0.2303366782365
"2026-01-02 06:00:00",87.333333333333,997.56666666667,-0.41666666666667,-6.235448468033,-1.1997929800077,1,6.1232339957368E-17,0.034398060613608,0.99940821160626,997.68333333333,-0.11666666666667,1,97,1004.3,-6.1962231275184,0.21637687955551
"2026-01-02 07:00:00",89.333333333333,997.45,-2.5333333333333,-7.6184901984168,0.99201182573007,0.96592582628907,-0.25881904510252,0.034398060613608,0.99940821160626,997.56666666667,-0.11666666666645,0.8,89,1004.5,-5.9963449621146,0.20939698021501
"2026-01-02 08:00:00",90.333333333333,997.38333333333,-2.0833333333333,-6.0066984506707,-0.73432497068878,0.86602540378444,-0.5,0.034398060613608,0.99940821160626,997.21666666667,0.16666666666674,0,93,1004.6,-5.486602276429,-0.38366060559269
"2026-01-02 09:00:00",90.166666666667,997.63333333333,-0.95,-4.1327592181603,-0.62735625370438,0.70710678118655,-0.70710678118655,0.034398060613608,0.99940821160626,997.56666666667,0.066666666666492,0,96,1004.8,-5.0753236074052,-2.3666622657479
"2026-01-02 10:00:00",92.666666666667,997.68333333333,-1.7666666666667,-4.5212711698543,-1.1066352892867,0.5,-0.86602540378444,0.034398060613608,0.99940821160626,997.45,0.23333333333312,0.3,95,1004.3,-4.0730411012412,-3.0692566180754
"2026-01-02 11:00:00",93.833333333333,997.65,-1.9833333333333,-4.6831598200972,-1.4617913857777,0.25881904510252,-0.96592582628907,0.034398060613608,0.99940821160626,997.38333333333,0.26666666666665,0.6,95,1004.2,-4.4430577700901,-3.7281681361819
"2026-01-02 12:00:00",93.166666666667,997.21666666667,-1.5166666666667,-4.9533588440542,-1.3234577001793,1.2246467991474E-16,-1,0.034398060613608,0.99940821160626,997.63333333333,-0.41666666666652,0.8,94,1004,-6.0294000204412,-2.6844618443003
"2026-01-02 13:00:00",92.666666666667,996.85,-2.0666666666667,-4.5436295120334,-0.28701373421518,-0.25881904510252,-0.96592582628907,0.034398060613608,0.99940821160626,997.68333333333,-0.83333333333337,1,89,1003.8,-3.9265087337907,-0.76323598150618
"2026-01-02 14:00:00",89.833333333333,996.78333333333,-2.3833333333333,-6.7010432851038,-0.99614465523556,-0.5,-0.86602540378444,0.034398060613608,0.99940821160626,997.65,-0.86666666666656,1.1,88,1003.2,-5.2484207643303,-0.73761743508835
